$MeshFormat
4.1 0 8
$EndMeshFormat
$PhysicalNames
3
2 1 "InnerSurface"
2 2 "OuterSurface"
3 3 "HollowSphere"
$EndPhysicalNames
$Entities
4 6 2 1
1 6.123233995736766e-17 -1.499759782661858e-32 1 0 
2 6.123233995736766e-17 -1.499759782661858e-32 -1 0 
3 4.898587196589413e-17 -1.199807826129486e-32 0.8 0 
4 4.898587196589413e-17 -1.199807826129486e-32 -0.8 0 
1 -1.000000004440901e-07 -1.000000004440901e-07 0.9999998999999997 1.000000004810975e-07 1.000000004440901e-07 1.000000100000001 0 2 1 -1 
2 -1.00000000169409e-07 -1.000000002449294e-07 -1.0000001 1.0000001 1e-07 1.0000001 0 2 2 -1 
3 -1.00000000163114e-07 -1.000000000890991e-07 -1.0000001 1.000000001307325e-07 1.000000002371289e-07 -0.9999998999999999 0 2 2 -2 
4 -1.000000004957124e-07 -1.000000005327198e-07 0.7999998999999995 1.000000006067347e-07 1.000000005327198e-07 0.8000001000000004 0 2 3 -3 
5 -1.00000000169409e-07 -1.000000001959435e-07 -0.8000001000000002 0.8000001000000002 1e-07 0.8000001 0 2 4 -3 
6 -1.000000003918153e-07 -1.000000003858206e-07 -0.8000001000000003 1.000000003816393e-07 1.000000003885782e-07 -0.7999998999999993 0 2 4 -4 
1 -2.000000099999999 -1.732050907568878 -1.0000001 1.0000001 1.732050907568877 1.0000001 1 1 4 -1 -2 3 2 
2 -1.6000001 -1.385640746055103 -0.8000001 0.8000000999999999 1.385640746055102 0.8000001 1 -2 4 -4 -5 6 5 
3 -2.000000099999999 -1.732050907568878 -1.0000001 1.0000001 1.732050907568877 1.0000001 1 3 2 1 -2 
$EndEntities
$Nodes
9 1151 1 1151
0 1 0 1
1
6.123233995736766e-17 -1.499759782661858e-32 1
0 2 0 1
2
6.123233995736766e-17 -1.499759782661858e-32 -1
0 3 0 1
3
4.898587196589413e-17 -1.199807826129486e-32 0.8
0 4 0 1
4
4.898587196589413e-17 -1.199807826129486e-32 -0.8
1 2 0 20
5
6
7
8
9
10
11
12
13
14
15
16
17
18
19
20
21
22
23
24
0.1490422432465138 -3.650482122591688e-17 -0.9888308296812186
0.294755166212408 -7.219419416683428e-17 -0.9555728083150418
0.4338837359431738 -1.062708656849806e-16 -0.9009688694311222
0.5633200535047992 -1.379736200840336e-16 -0.8262387774241474
0.6801727367901895 -1.665942729954802e-16 -0.7330518727398104
0.7818314844794652 -1.914934849880801e-16 -0.6234897993364732
0.8660254096889991 -2.121150491911816e-16 -0.4999999897730009
0.9308737527393485 -2.279983123405056e-16 -0.3653410139321375
0.9749279155714681 -2.387884702407999e-16 -0.2225209191053114
0.9972037986557257 -2.442444880242632e-16 -0.07473007390997859
0.9972037986557261 -2.442444880242634e-16 0.07473007390997322
0.9749279155714689 -2.387884702408001e-16 0.2225209191053076
0.9308737527393502 -2.27998312340506e-16 0.3653410139321328
0.8660254096890007 -2.12115049191182e-16 0.4999999897729981
0.7818314844794679 -1.914934849880808e-16 0.62348979933647
0.680172736790192 -1.665942729954808e-16 0.7330518727398082
0.5633200535048005 -1.37973620084034e-16 0.8262387774241466
0.43388373594318 -1.062708656849822e-16 0.9009688694311192
0.2947551662124118 -7.219419416683523e-17 0.9555728083150408
0.1490422432465185 -3.650482122591802e-17 0.9888308296812178
1 5 0 16
25
26
27
28
29
30
31
32
33
34
35
36
37
38
39
40
0.146999596599195 -3.600451709023126e-17 -0.7863784830472373
0.2889933197835521 -7.078294880957892e-17 -0.7459777886240861
0.4211457255329348 -1.031509529496997e-16 -0.6801737115365001
0.538956514282767 -1.320062740192011e-16 -0.5912071343549312
0.6384137848448717 -1.563662796283638e-16 -0.4821077051033784
0.7161306372165482 -1.7540141852772e-16 -0.3565906763220549
0.7694605157222182 -1.884634715298973e-16 -0.2189303878964676
0.7965873427229755 -1.951076279013975e-16 -0.07381466936557421
0.796587342722975 -1.951076279013974e-16 0.07381466936557783
0.7694605157222179 -1.884634715298972e-16 0.2189303878964693
0.7161306372165478 -1.754014185277199e-16 0.3565906763220558
0.6384137848448723 -1.56366279628364e-16 0.4821077051033775
0.5389565142827668 -1.32006274019201e-16 0.5912071343549313
0.4211457255329352 -1.031509529496998e-16 0.6801737115365
0.2889933197835525 -7.0782948809579e-17 0.745977788624086
0.1469995965991967 -3.600451709023168e-17 0.786378483047237
2 1 0 670
41
42
43
44
45
46
47
48
49
50
51
52
53
54
55
56
57
58
59
60
61
62
63
64
65
66
67
68
69
70
71
72
73
74
75
76
77
78
79
80
81
82
83
84
85
86
87
88
89
90
91
92
93
94
95
96
97
98
99
100
101
102
103
104
105
106
107
108
109
110
111
112
113
114
115
116
117
118
119
120
121
122
123
124
125
126
127
128
129
130
131
132
133
134
135
136
137
138
139
140
141
142
143
144
145
146
147
148
149
150
151
152
153
154
155
156
157
158
159
160
161
162
163
164
165
166
167
168
169
170
171
172
173
174
175
176
177
178
179
180
181
182
183
184
185
186
187
188
189
190
191
192
193
194
195
196
197
198
199
200
201
202
203
204
205
206
207
208
209
210
211
212
213
214
215
216
217
218
219
220
221
222
223
224
225
226
227
228
229
230
231
232
233
234
235
236
237
238
239
240
241
242
243
244
245
246
247
248
249
250
251
252
253
254
255
256
257
258
259
260
261
262
263
264
265
266
267
268
269
270
271
272
273
274
275
276
277
278
279
280
281
282
283
284
285
286
287
288
289
290
291
292
293
294
295
296
297
298
299
300
301
302
303
304
305
306
307
308
309
310
311
312
313
314
315
316
317
318
319
320
321
322
323
324
325
326
327
328
329
330
331
332
333
334
335
336
337
338
339
340
341
342
343
344
345
346
347
348
349
350
351
352
353
354
355
356
357
358
359
360
361
362
363
364
365
366
367
368
369
370
371
372
373
374
375
376
377
378
379
380
381
382
383
384
385
386
387
388
389
390
391
392
393
394
395
396
397
398
399
400
401
402
403
404
405
406
407
408
409
410
411
412
413
414
415
416
417
418
419
420
421
422
423
424
425
426
427
428
429
430
431
432
433
434
435
436
437
438
439
440
441
442
443
444
445
446
447
448
449
450
451
452
453
454
455
456
457
458
459
460
461
462
463
464
465
466
467
468
469
470
471
472
473
474
475
476
477
478
479
480
481
482
483
484
485
486
487
488
489
490
491
492
493
494
495
496
497
498
499
500
501
502
503
504
505
506
507
508
509
510
511
512
513
514
515
516
517
518
519
520
521
522
523
524
525
526
527
528
529
530
531
532
533
534
535
536
537
538
539
540
541
542
543
544
545
546
547
548
549
550
551
552
553
554
555
556
557
558
559
560
561
562
563
564
565
566
567
568
569
570
571
572
573
574
575
576
577
578
579
580
581
582
583
584
585
586
587
588
589
590
591
592
593
594
595
596
597
598
599
600
601
602
603
604
605
606
607
608
609
610
611
612
613
614
615
616
617
618
619
620
621
622
623
624
625
626
627
628
629
630
631
632
633
634
635
636
637
638
639
640
641
642
643
644
645
646
647
648
649
650
651
652
653
654
655
656
657
658
659
660
661
662
663
664
665
666
667
668
669
670
671
672
673
674
675
676
677
678
679
680
681
682
683
684
685
686
687
688
689
690
691
692
693
694
695
696
697
698
699
700
701
702
703
704
705
706
707
708
709
710
0.9909952003428762 0.1338973969029364 -2.623263541491049e-15
0.1594272267441743 0.1541074006982698 -0.9751071061286983
0.1991267466041945 -0.1366096441648487 0.9704052472590934
0.7268968393545032 -0.1293151146516547 -0.6744617009579289
0.9910562940465583 -0.1334227862962257 -0.002404605508823293
0.7176690978911554 -0.1295476030507486 0.6842283861956477
0.2336386096880795 -0.1345883480420144 -0.9629636424259967
0.8193013064917793 0.1293151126038066 -0.5585901635663916
0.8193013064917848 0.1293151126037783 0.5585901635663907
0.2662633406895795 0.1481872703016048 0.952441266601455
0.6182546987195571 0.1293151118323393 0.7752668762193952
0.5035135742443595 -0.1409706979524041 0.8524091405366803
0.4958017716646199 0.1293151091689324 -0.858753867970824
0.9513974267778431 -0.1227879216252303 0.2824288629433168
0.9469621899818839 -0.1476672394341096 -0.2854067223150558
0.4958017716638881 -0.1293151091692089 -0.8587538679712047
0.9476591891031884 0.1297125539408116 0.2917476900653013
0.9476591890278477 0.1297125540707 -0.2917476902522759
0.3087797365497583 0.1521408642157915 -0.938886698026942
0.326241089904153 -0.1456224570871378 0.9340025970253268
0.9810091131361574 0.1272077896296188 0.1464216452624296
0.9454216038040796 0.2432635085665281 0.2167968091564651
0.9021817611180013 0.2452268139587736 0.3548688203007564
0.8616424694335724 0.4292876740792343 0.2707108194218619
0.9803895378222955 0.1314714333444328 -0.1468046877417271
0.942688240903081 0.2574278601603956 -0.2122964372670788
0.8990084591257042 0.2557758320795916 -0.3554750541802045
0.88416003747406 0.3798967741045866 -0.2719181295147446
0.8301039704677776 0.3757684172720469 -0.4119775416142146
0.8032693357720861 0.4997863405517129 -0.3239938085923846
0.4123271783069623 -0.2645400551880699 0.8717825745164395
0.7423858139949332 0.4866280280951966 -0.4604958908082256
0.8465775454251899 0.5004139606520324 -0.1813624204911435
0.7565068929613181 0.6128574585031279 -0.2282609394072934
0.7926524349687437 0.6038196701424327 -0.08428477494307468
0.8729056937107521 0.4867475757407045 -0.03335337161213726
0.8093429790236453 0.5842558733481703 0.06007509270319818
0.6912024428674656 0.7115362868891812 -0.1263142724081695
0.6451186781452589 0.7156881172372701 -0.2676049512873129
0.5448098452838428 -0.2594836258543813 0.7974023328253176
0.5747007928274432 0.8029339087943939 -0.1581649039188659
0.5192758674939515 0.7997185072707383 -0.3013351664958246
0.6175003408382069 0.7863384669101876 -0.01910875511470773
0.5870672635115374 0.7013289822706458 -0.40433857933704
0.4547142552801084 0.7756695600846324 -0.4376890215703032
0.4629005288067374 -0.3852660456050013 0.7983064414962013
0.3815549265349248 0.8631045444488735 -0.3308570437343453
0.3153165326719846 0.8287436132069309 -0.4623413325590068
0.2393988598739654 0.9030634239069121 -0.3566015119044924
0.1702622242382412 0.8595333273796538 -0.4818850839371429
0.3793541034889241 0.7357985685807292 -0.5609731995743327
0.4925067505189237 0.8691439091131123 -0.04501073144116179
0.5353391194737075 0.8393556321842185 0.09430880065903778
0.4052589300469789 0.911635610014118 0.06845227659738286
0.4468412659411943 0.8692871383927303 0.211359300900266
0.3133654721875063 0.9316844398404287 0.1837557765076443
0.1012523120781326 0.9253337016797328 -0.3653840579917457
0.02471570197674401 0.8734016713405326 -0.4863729583101437
-0.03953867612874044 0.9323643844302699 -0.359351287372051
0.3471683937363872 0.8813218924776248 0.3205399011514086
0.2086446253261977 0.934518876291322 0.2883433546619293
0.2398621200383558 0.8724247806754213 0.4258417140606921
0.09386920281592956 0.9175460884755124 0.3863906679592413
0.1223835970439352 0.8453352108130501 0.5200294573716411
-0.01843343828756211 0.8787319182345693 0.4769595624669795
0.01282665787208768 0.7970193265030345 0.6038175800922672
-0.1306853203563401 0.8137377108725158 0.5663499668467535
-0.1619764855234413 0.8851899241873643 0.4361220199148883
-0.2619261194947439 0.8142791021290573 0.518019547664295
-0.2968566676103211 0.8742852323326611 0.3840591769770904
-0.2318681840298109 0.7344169756524537 0.6378627212090552
0.3689871357555161 0.8168203666824627 0.4434557274629196
0.06560169397886052 0.9664529154409798 0.2483247470203772
0.3274460962286549 -0.3873510999968406 0.8618225916021532
0.09856963521137001 0.7963201774065063 -0.5967899145173012
-0.05082645716081983 0.7976507992050645 -0.6009741040843614
0.02552818157970587 0.7179460361993732 -0.6956305061243662
-0.1233164650130353 0.7076315812046921 -0.6957374466984195
-0.1991043884275863 0.7820338409438554 -0.5905764253062232
0.4004828145751212 -0.5045751000735246 0.764864356350707
0.5220655899333879 -0.4804294131845319 0.7047234200412738
0.4538874183421786 -0.6038833978767294 0.6552183248654814
0.2982992900477496 -0.625936385312477 0.7205700348328109
0.3673161618286451 -0.7140334884004839 0.5960159517178282
0.5065731588587896 -0.6757141579332926 0.5355315224077182
0.4183502032893929 -0.7834226847736045 0.4595998307112834
0.2152376546596574 -0.74471615677729 0.6317203478213067
0.1396704871557516 -0.6620187402956332 0.7363581618445318
-0.3540755467165946 0.734700280398725 0.5786587986018873
-0.3335048931287907 0.6452313788416478 0.6873506776146072
-0.4372913306534692 0.6491561855778673 0.6223925922288212
-0.4336966398703264 0.545261059817459 0.7173545854122143
0.03713029121641871 -0.7525217560254677 0.6575198462271162
-0.5355524353198625 0.5673678881575108 0.6255215971576449
-0.5455499897019815 0.4494884788309446 0.7073438457599041
-0.642315127021278 0.4804030066319583 0.5971969765651978
-0.6515795550391332 0.3494293000196009 0.6733076917300267
-0.7408866974383821 0.3738332793166399 0.5579745342165843
-0.7417356178694556 0.2404942505093623 0.6260916775167651
-0.8257625880036915 0.2552019506383369 0.5029792367919705
-0.8118801355824391 0.1207677553775396 0.5711968090839712
-0.8869907701530068 0.1319509057377303 0.4425339898113684
-0.8636946091513574 -0.002257478706667235 0.5040104422656074
-0.9294928231739122 0.008613651527093624 0.3687396055152733
-0.9420992481011028 0.1416562562291913 0.3039449157305748
-0.9736187300963662 0.0164153101068088 0.2275897756922231
-0.2697836925683068 0.6836487544209113 -0.6781158749085182
-0.94981883868336 -0.1164976162614474 0.2902972254217976
-0.9836426592189903 -0.107063333428457 0.1448604901268127
-0.9489768813578129 -0.2394018737218378 0.205255015789803
-0.9719541535079556 -0.2279551082768961 0.05780650559497379
-0.9287222353729832 -0.3537593188507991 0.1110376235788035
-0.9391493209957466 -0.3420165049743302 -0.03198848540291217
-0.8828742250564234 -0.4688430955895578 0.02681891960950457
-0.885196257923954 -0.4491737794182483 -0.1211218429539253
-0.8219534718134411 -0.565425036029192 -0.06846180544812742
-0.8115810594703156 -0.5452919005680259 -0.2097449095543211
-0.7401262318892992 -0.6556118502886134 -0.149620395102033
-0.868691011129555 -0.4229513747372882 -0.2578527909303082
-0.7232336415443623 0.4988603596660829 0.4775682582545736
-0.7203812164077696 -0.627922971117012 -0.2945566929988971
-0.6411301968090575 -0.7315175303295434 -0.2320219247401952
-0.9963905858176852 0.02085135523943289 0.08228621682012316
-0.6141209589632736 -0.6953798639980846 -0.3732322232980894
-0.5231793474969577 -0.7947424810232239 -0.3076812623636808
-0.6491895388258416 0.2123992947231622 0.7303694149402713
-0.3429383630896194 0.7498198115052392 -0.5658299474185332
-0.4101766512941587 0.6433844400568266 -0.6463834597403258
-0.4793604912089875 0.7023344767882607 -0.5262507027856951
-0.5413460119501478 0.5877418606598487 -0.6012520275007556
-0.4968330865044032 -0.7425049119528599 -0.4492697851852311
-0.3970604217791353 -0.8374252169597295 -0.3755822512533372
-0.5769450652106273 -0.6398344938419601 -0.5076871203990774
-0.9006501278434157 -0.3618058065854151 0.2406780121588096
-0.4670770944151847 0.5224810252985037 -0.7133390260428019
-0.01208351738313069 -0.6588112214109946 0.7522112490189209
-0.1160182836974071 -0.7235792314352471 0.6804210855664933
-0.07771676489574571 -0.8158116661030721 0.5730719238492396
-0.3618453622126975 -0.7807946913955985 -0.5093403417496135
-0.2616811967121251 -0.8621220057360857 -0.4338992953588411
-0.592583202563729 0.4606034910718411 -0.6608249178502178
-0.5143181813498326 0.3904171346297439 -0.7635779392573497
-0.633445704696327 0.3236320534660317 -0.7028576194160046
-0.5450193579227647 0.2483823224202908 -0.8007871885829341
0.548947843885876 -0.7327436460596989 0.4021728656339039
0.4595784611730624 -0.8257924495869468 0.3268860171848736
0.5811289651380096 -0.7699945240709091 0.2634341640304831
0.4854685659710903 -0.8539629456669176 0.1872633409983209
-0.6045404439985342 0.6388471384252762 -0.4758205389596912
-0.1554167653950988 -0.6145126248092656 0.7734467421769591
-0.258262710205973 -0.6763608539047079 0.6898089357368168
-0.2229644440723834 -0.7962649444655457 -0.5623602003118412
-0.120078533684477 -0.8682788427609479 -0.4813242119007676
-0.1643886922918354 -0.9224953583408559 -0.3492544512044984
0.6014259370555467 -0.7900259283668406 0.1189364315294887
-0.6577119493580117 0.1785190453522302 -0.731810045106114
-0.5643127575499758 0.1013356866945971 -0.8193181251922094
-0.7490457704990534 -0.6622469286035864 0.01895888321066638
-0.07943526922667396 -0.7930737891145343 -0.6039238387598233
-0.1810261665321264 -0.7218891026354762 -0.6679114091904927
0.02457110043336648 -0.855757616413885 -0.5167931529859111
-0.2964294940692316 -0.5618842201027423 0.7722795337475883
-0.5362106187992622 0.7453079909563103 -0.3962248993987892
-0.6552427968475611 0.6746504519293389 -0.3398582717706372
0.06552247920603829 -0.771292810324319 -0.6330988907435456
0.1693720102280702 -0.8256217185474728 -0.5382024712076485
-0.7530817051509727 0.2432078635642832 -0.6113246931601901
0.2086570717864085 -0.7314106046454112 -0.649230894062933
0.3100364489799119 -0.7762171812129933 -0.5489665635479826
0.3467576766216138 -0.6743218199797844 -0.6519579716539486
0.4444485315090183 -0.7109822440130912 -0.5449493109800081
-0.7810052080018404 -0.01442514979197189 0.6243578942621621
-0.6701425208057765 0.02990075987449182 -0.7416299254796876
-0.5698106915578072 -0.04801961585978114 -0.8203718012456866
-0.4289207492998493 0.4057057733793678 0.8071120221299549
-0.5805777448446728 0.7730782236096602 -0.2554986152048699
-0.6923157023534607 0.6943486521035499 -0.1964151664124172
0.2695864010013882 -0.8696630639839265 -0.4135327405867726
-0.3936955489450829 -0.6221450192066347 0.6767121912727788
0.3585028845895722 -0.8992327296111009 0.2507113474438761
-0.4633262820781812 0.02294190539821838 -0.8858907524702517
-0.4573397316210271 -0.1260995536364421 -0.8803063514785616
-0.7597688493113091 0.588173984791924 -0.277132927004639
-0.7890251756115033 0.600194490047725 -0.1311710576597874
-0.713660038790249 0.6986619684789352 -0.05060437565111933
0.6903242278376736 -0.6968172579692176 0.1946745218475698
0.7053081045522869 -0.706959232750629 0.05243205967250838
-0.4282670214901759 -0.4934104364564179 0.7570558100297629
-0.3241573918872048 -0.4292738342188268 0.8429981972341057
-0.4197803658742089 0.3114516798536877 -0.8525152758413371
-0.8480887032944114 0.4869205749212849 -0.2089351695209047
-0.456122671638054 -0.3611153266172666 0.8133559056771328
-0.3445457342440069 -0.2898718489986624 0.8928955975769814
-0.5521800207986256 -0.4177846816946271 0.7214937174862636
-0.6686769410492022 -0.1193527880385798 -0.733911480014109
-0.9734773529904125 -0.210176054894691 -0.09037626438221226
-0.7614900287734694 -0.04093005438741696 -0.6468830394487274
-0.4165847896980002 -0.8764645014242153 -0.2413857716094184
0.1046665504825869 -0.6854959116999892 -0.7205138917832717
0.6269203340908329 -0.6203532811497497 0.4713095599180831
-0.1932539202835098 0.6413431766432061 0.7425172402498518
-0.3552174969911843 -0.7283086501642887 0.58599235483681
-0.5008697598436159 -0.6493206513397374 0.5722867947261564
-0.4452462768661319 -0.7638753394299498 0.4671725791906312
0.3799847422530146 -0.9189436053021818 0.1056136635532434
0.2495576915315742 -0.9542010254017839 0.16498897453956
0.4767263856844021 -0.6013070867266891 -0.6412189490685287
0.5692439699561006 -0.6305977611223612 -0.5275488283903992
0.5312732704217158 -0.7327386741513258 -0.4252560964152909
0.6503903277163859 -0.6450938805490443 -0.4010564884042482
-0.04600375795800665 0.6167874268218744 -0.7857842734289048
0.1033648285817825 0.616472619479133 -0.7805621190173109
0.1534965777408973 0.7562578604003979 0.63601324609197
0.2747740490004644 0.9601384923318651 0.05131566562544811
0.7851123461829528 -0.6071744093834927 0.1222204584384545
-0.05023151476985728 -0.5387033860013627 0.8409967044136333
-0.8226032389208791 -0.1369635833599779 0.5518739785042176
-0.8671736667901007 0.4942011774423982 -0.06144125519843362
-0.5696257088672276 -0.6883080834542 0.4491753934145484
0.374410886644792 -0.5574827958395336 -0.7409651950697802
0.5615267692984124 0.790109553569271 0.2457937768127076
-0.5189843010306794 -0.782913594714302 0.3430766656233373
-0.3857112555076072 -0.8483063272274121 0.3627715569896352
0.267137721448475 -0.9634833385670203 0.0183655678666676
0.1322196039998435 -0.9880866857670003 0.07875708049508817
0.7886300069758476 -0.6146889343966446 -0.01484001440671006
-0.473962295718894 -0.2169944810714114 0.8533892062953601
-0.3558865161883734 -0.1439915135693935 0.9233694989630628
-0.4571752729573232 -0.8586088408353995 0.2319086635632419
-0.3195153351210453 -0.9149526965880105 0.2465187896060131
-0.7519927046669443 -0.189283461982457 -0.6314101227788714
-0.6512012091407837 -0.2659729102230733 -0.7107709871970366
-0.8363061509374339 -0.1095678610759843 -0.5372028534207984
0.6810123757697336 -0.5353948576235265 -0.4995743092661458
0.7541823974536058 -0.5428675208724434 -0.3694641608504649
-0.9163015605225336 0.3758350536631386 -0.1383454466977324
0.3949907140430265 -0.9176742028871715 -0.04308588139023499
-0.4555985645894732 0.8356086448483596 -0.3069008644476248
-0.4931177342782705 0.8540631071001684 -0.1655630068302433
0.1134881603840522 -0.8313282229345091 0.5440715239793337
0.001648155002736112 -0.8949800131095389 0.4461031940252574
0.1487885232004727 -0.9864198059567819 -0.06955531453459717
0.0197925243581813 -0.9997644377212161 -0.008906460998134526
-0.2275696993705035 -0.2160374838563789 0.9494945168337853
0.7772465327650734 -0.4275091471499882 -0.4616532859276112
-0.4713972787331244 0.7237411856573254 0.5039675602519808
0.0310994727948216 0.5115392437390485 -0.8586969342595596
0.1797129136388666 0.5048895790230709 -0.8442687852013336
-0.8866668101536002 0.3646020941405572 -0.2844068928847544
-0.945476190790618 0.248392554478584 -0.21065590788693
0.5003090434633408 -0.4794498588003726 -0.720984530988772
0.8617871124433001 -0.5050123660452315 0.04780672513397793
0.8418161284477503 -0.4295322247590522 -0.3268756243264083
0.8479547674507638 -0.4928418885187111 0.1951399120601189
0.03784734999146103 0.9697622149401506 -0.2410992006892539
-0.1045190221393722 0.9677088557595073 -0.2293803489744803
-0.02359622599974635 0.993555668603861 -0.1108618577496489
-0.1634049276219459 0.9815721727571968 -0.09907017360226643
-0.7280693485353886 -0.3334051161159116 -0.5989624798524447
-0.9260153007406516 0.3773317005418713 0.01079122608322106
-0.8670601575877527 0.4906024164200417 0.08669459110415682
0.3923757555540135 -0.4283210710021818 -0.8139916010555396
0.6052842183066263 -0.7391030653602829 -0.2955633161337329
-0.9054754337659591 0.2337845517627573 -0.3542019511570125
-0.9538131794850986 0.1149346335158801 -0.2775435977627599
-0.006198778930583223 -0.9919773227377391 0.1262638757279257
-0.1181854108917976 0.5055174258050622 -0.854683766582565
-0.4756376190283358 -0.06749072282518923 0.8770483781967727
-0.3579253774846254 0.00509475742661638 0.9337362944639415
-0.6400568633366156 -0.6995091473840863 0.3178272556306038
-0.6843128581851098 -0.5986607443644774 0.4163186583369708
-0.3866174975405696 -0.9152949793479814 0.1129690726519685
-0.3400024691646614 -0.05438569648193232 -0.9388506361398008
-0.3352526191247895 -0.2025875434591982 -0.9200891090569087
-0.4481387226355457 -0.2724555110088868 -0.8514338963157787
-0.3216521244011977 -0.3462756834318747 -0.881267871836926
-0.4302151220599572 -0.4126688884280537 -0.8028818949724118
-0.2050768779661902 -0.2733253282346252 -0.9398067562371931
-0.1885183002482901 -0.4135338202710024 -0.8907584576997098
-0.06973264380054112 -0.3367260996384035 -0.9390169818543724
-0.04059311010340579 0.3945575045243964 -0.9179741690459561
-0.7326620045806257 -0.1493512161488768 0.6640034648092965
-0.7641778859218544 -0.2701912864836075 0.5856866289888635
-0.1876749416178086 0.9184805686186539 -0.3480970573830034
0.695887003215739 -0.414628863270493 -0.5863652313178506
-0.1958185082770482 0.9337765137420312 0.2995271844089114
-0.3325212598670446 0.9104283682110461 0.2460686857221072
-0.7472453758225426 -0.6015631015922681 0.2823936669164481
0.9145507371791006 -0.3861177869287649 0.1204574769053221
0.9210942233485482 -0.3872055536813906 -0.04070983802745987
-0.5178482459402783 -0.8501778235497713 0.09503085036318903
-0.3357951267026297 0.09500535607382107 -0.9371315890524933
0.2736774971117794 -0.5167965789497434 -0.8111855050236497
0.485146947253308 -0.8157494795545196 -0.3149368606202286
0.6121070442054705 -0.7898719767490717 -0.03777865509193414
-0.05172374196519313 -0.4727211704407785 -0.8796927586005349
-0.2119280019293507 -0.3566748182368842 0.9098733956072781
-0.09311483873383998 -0.2795727250195358 0.9555986177432039
-0.1303306202034424 -0.9910609224218216 0.02849872779255866
-0.09688120859446285 0.9941692147100751 0.04734557998407458
-0.8401587292380933 0.05442031248647774 -0.539603316589053
0.7581015294176949 0.363766441219787 -0.541254143020488
0.6618769836340332 0.4685685167112669 -0.5851174272592783
0.6695384176685198 0.3397508672335599 -0.6605207456847805
0.5685108961501643 0.4442554914366989 -0.692410585770375
-0.2388235162066443 -0.8996371859513279 0.3655355820713906
-0.9133517566015197 0.3752241596765183 0.1580993317758456
0.2499338148802926 0.6062121502064772 -0.7550098788237295
0.3259013642256052 0.4911040629173072 -0.8078397738301839
0.04304868744590257 0.6986243263516175 0.7141924538518547
0.1827284176304536 0.6503413692457629 0.7373373914551035
0.07021271507690335 0.5832256793079127 0.8092700301119232
0.2092855737977916 0.5299345931420806 0.8218082961320518
0.3195993067807012 0.590421337182245 0.7411200494557036
0.3431863027931213 0.4637228593209991 0.8168134862490607
0.4507287390720208 0.5199514617098443 0.7255991188255003
0.09676241525010788 0.461835606939496 0.8816716549588022
0.4689115919810642 0.3860761489262214 0.7943973351768508
0.572737471453749 0.4360647873678208 0.6941320407607064
0.5454811126883991 0.5624205762088174 0.6213963720180286
0.6597806751060473 0.4740903615680644 0.5830332664821712
0.6281492822436272 0.5951259787076341 0.5012519812271036
0.677735062049804 0.3421251796478912 0.6508652296130484
0.03862941716997824 -0.9869061775384447 -0.1566012926688777
0.8902093903501331 -0.3712024738905151 0.2640756798912107
0.8137505246666629 -0.4720142481151239 0.3391351252539972
0.8475070679520056 -0.3424424165069463 0.4055427981708923
-0.8463818719897209 0.4777011616107265 0.235455573225476
-0.7876855265693413 0.5965729726789826 0.1537927160243342
0.3037945646720716 0.9285959959437485 -0.2131157872916599
-0.04243798313510311 0.5097370249032394 0.8592829470146716
-0.01865597268315592 0.3784300724373117 0.9254418593073994
-0.1597325906898657 0.4144985340585413 0.8959221309549309
-0.1321123473490518 0.2923397303049706 0.9471450837982217
0.1532255430927408 -0.8972056510944912 0.4141786481556538
-0.4729952322409341 0.08194596019148809 0.8772459004667047
-0.8400143257322984 0.3446580293812048 -0.4190307570424591
-0.705813460405525 0.3900374086798272 -0.5913528379408557
-0.5853800002279962 0.009279300565287795 0.8107059577393584
0.2545426199324643 0.3891537353003541 -0.8853064017275027
0.3921932708789803 0.3574762021735491 -0.847581974299137
0.06774400739841083 -0.3913676355193347 -0.9177375024099261
0.1665602415559569 -0.9633699966051732 -0.2101807212228781
0.2822299753829584 -0.3728446457941239 -0.883930489969652
-0.6214209402143265 -0.4060929223440021 -0.6700183232459026
-0.3506165839531533 0.1540426239517403 0.9237634334953317
-0.231567594631467 0.07629771416335684 0.9698222042880041
-0.1276108681742475 -0.154321120024748 0.9797450986037757
0.357759356748483 0.3267370313669235 0.8747863481973422
0.7594262732099252 0.3688220455639086 0.5359496564646143
0.7656026361381733 -0.440651011170366 0.4686995731732784
0.3917692433465975 0.5782363292296495 -0.7156532732592331
-0.1889863017104247 0.3834809119097555 -0.9040058450954166
-0.1101046947827908 0.2681515669694532 -0.9570641009454984
-0.2143906034720383 0.0172756521311251 -0.9765952185969065
-0.260529480576235 0.4861323843907791 -0.8341460870837991
-0.08474790530797242 -0.1930915903595596 -0.9775139028567966
0.8557876912051554 -0.3093607497206497 -0.414636411949103
-0.4340458468895093 0.8395101206107299 0.3268439385855672
-0.4580501935267929 0.8687404824791021 0.1883613397490159
-0.5587921465626995 0.7863840289028375 0.2633467220726163
-0.3550098880475969 0.9295467376483779 0.09955321147853624
0.008898968043208406 0.2518296442331456 0.9677306643137713
0.07062733118774503 -0.9529565153948643 -0.2947637356524278
-0.5800232520791364 0.8061923335923319 0.1167345206204788
-0.3686062347948989 0.9073389435876943 -0.2021521336011439
-0.8220235263265077 0.3792856671832533 0.4247584076096522
-0.8462923487546443 -0.255543713727837 0.4674255778340894
-0.7788835192896368 -0.3848487357710627 0.4952089598890601
0.5277120322852215 -0.3393685463746249 -0.7786841469511083
-0.9821721826122987 0.1319431070526694 -0.1338985444427284
0.7925912443450606 -0.3045278344701781 0.5282631138177755
-0.9803583003563162 0.00200948042421795 -0.197214514959978
-0.9423530333037174 -0.01899695082752885 -0.3340806436813414
-0.9618618610584365 0.2599789392933997 0.08504534887387814
0.1058853042351737 0.9890225022283645 -0.1030669318111764
0.1849182272873294 -0.55043352964429 0.814142603393435
-0.1691602115491146 -0.544551728714556 -0.8214914713998237
-0.6859908300332004 -0.4698886636643162 -0.5555368798469857
-0.7858356952015173 -0.3799138960027162 -0.4879832904630911
0.8114761459270176 -0.5349407300719726 -0.2352549253501365
0.05480231342182647 -0.2670427413946461 -0.9621251897295113
0.5637350196818971 0.3143300597883994 -0.7638058922904905
0.5569054095178945 0.5635781780261012 -0.6101114669488565
0.7018460353181347 -0.3984646372574757 0.5904558201622567
-0.3148279732166245 0.5220908610173557 0.7926565965930447
-0.4603418226766217 -0.8874426376958016 -0.02304281003445789
-0.5714026977158644 -0.8196625124671362 -0.04064877241804792
0.8629103372026358 -0.2250534381990917 0.4524783971678659
-0.17807584452796 -0.9511393757464202 0.2522357657041598
0.271540372854617 -0.8181534179869068 0.5068439706125716
0.5122807598713861 0.673496985643418 0.5328885750274862
0.663319282715583 0.2029085722587448 -0.7203024645810967
-0.4610610766533519 0.2295685266924709 0.8571586639283886
-0.3063395750453115 -0.9517174466975243 -0.01974756725783827
-0.334124088743924 0.2995108498205134 0.8936746299189855
-0.7553371633782948 0.5855774479596109 0.294219003568328
0.4701427418752605 0.2610616915001157 0.8430970261441504
0.9126634523510229 -0.3031426760645283 -0.2741348950629021
-0.6068297498040193 0.6248969443445972 0.4911837372120302
0.5787121278510925 0.7145438107639585 0.3930895770393575
0.691168186608106 0.6165952878041608 0.3769572772590634
0.06101305901505852 -0.9406541520881215 0.3338370452616095
-0.959934362241822 -0.1554606489856784 -0.2331480362437943
0.08143277699964356 -0.5170123721120816 -0.852095599045767
-0.8443323415338948 0.2082048587446136 -0.4937141215673562
-0.6997744279695272 -0.692389053835246 0.1758213527676717
-0.7980637265739892 -0.5831679666324368 0.1516885329239698
0.2456321543656808 -0.2720371157431121 0.9304088630273483
0.1806426299363752 -0.4114465295524979 0.8933532300097623
0.08688828601966042 -0.2398488939404534 0.9669141295007053
-0.6637043697067329 -0.2805929281507374 0.6933715586206169
-0.61460587007267 -0.148386060718573 0.7747523484679735
-0.2472227447240458 0.2750440844077343 -0.9291026133444144
-0.6906726139777044 -0.5809932358958889 -0.4306021367160512
-0.3922304213853614 0.9190304271324765 -0.0392220670612796
-0.684931729519958 0.6974982521421402 0.2106293288112038
0.03913480749641632 0.2755064193752801 -0.9605023059447754
0.8771971898333112 0.4669400546285797 0.1117679539581927
0.9297912359511684 0.3677261787040518 0.01630076820625279
-0.6461799355997466 0.6797548440252185 0.3469651896841496
-0.267141157885014 0.8433419407257781 -0.466272423350054
-0.9003998887275564 -0.1663059788011436 -0.4020228374040429
0.9446035506919186 -0.2593085250899947 0.2012044254877901
0.5532097836910441 -0.8128918768612796 -0.1821146116088803
0.667347646903136 -0.7258518319002052 -0.1666920403017587
0.0346354388168471 -0.3723309597800281 0.9274535259339131
0.3736977713714551 0.1952179891904089 0.9067744550705324
-0.7754735030266963 -0.4947124379059381 0.3923014783105815
0.4158964829300077 -0.8880484659363203 -0.1959592754492563
0.8070367308800506 0.5554371985571397 0.200452571620913
0.7296197403342531 0.6665809409808072 0.152724862532982
-0.8928306047310385 0.2592125908904645 0.3683236945669672
-0.5473274966521215 0.3131815198283608 0.7761120711897991
-0.906483896373137 -0.2884167884104532 -0.3083872594306963
-0.5323724805729899 0.846253670116438 -0.02083909170333939
-0.5589584359724623 -0.5362030142388904 -0.6324964777580558
-0.4608248533280707 -0.6489000398872348 -0.6054495790646048
-0.4357013678682273 -0.5476393741081221 -0.7143216600133444
-0.311588844901087 -0.4906387331827027 -0.8137481337822404
-0.2942502071493552 -0.6131801345918796 -0.7330940854586444
0.1268648072124267 -0.8996601081416528 -0.4177523315428687
0.6173360607687157 -0.1285888865986091 0.7761192474857805
-0.3231652786639834 -0.7091518294884143 -0.6266321771176971
0.438392010437843 0.8799938200183297 -0.1828204636079175
-0.05191598053280197 0.9381429686018862 0.3423339034161786
-0.08674695638773838 0.9748974104202419 0.2050609780367044
-0.0371895625458793 0.1945702446744563 -0.9801833279162467
0.9166578210719972 0.3790909164132187 -0.126603776249068
0.9810116375490695 -0.1271298085033123 -0.1464724505946563
0.980766072490393 -0.1299075568880969 0.1456775127297787
0.07286345353040684 0.1285888786993171 0.9890176021762578
0.07286345165885383 -0.1285888797352802 -0.9890176021794472
0.3877590595816661 -0.1276675809585587 -0.9128767170240084
0.4264890563122749 -0.2646055914703323 -0.8649225201187101
0.8935378985682741 0.1279302179536036 0.4303764435427854
0.8347016523592153 0.2513567353798923 0.4899927990572494
0.8935378985682801 0.1279302179536916 -0.4303764435427468
0.8957116798975846 -0.1212438477255141 -0.4277855956945716
0.7261155031165364 0.1285888875419748 0.6754414661053438
0.817096687382377 -0.1368884482314321 0.5600129964648467
0.8201150206801502 -0.1215248283318221 -0.5591449444944644
0.781878585394842 -0.3059419829702126 -0.5431992090911164
0.7008682156391169 -0.2855104686962373 -0.6536570328327347
0.4947663561342382 0.12858888384228 0.8594598023118037
0.5927916029704876 0.2699424200011592 0.758768215815342
0.6192232494247419 -0.1167869951495191 -0.7764814003798226
0.9647194569168813 -0.2528026007437918 -0.07353376437509351
-0.2422803286974642 -0.9613782336305019 0.1305838206966881
-0.1827789824047666 -0.9765581867901995 -0.1136923542025387
-0.3046996998667696 -0.9368656728045922 -0.1715832276812029
0.04059262678566127 0.9991621979797908 0.005209681260300043
0.3621581212191943 0.9298392175302425 -0.06511931186468267
-0.2412115484129699 -0.06840291489902069 0.9680588980767311
-0.8972489415326727 -0.1257490521889801 0.4232393091290928
-0.687719845734915 -0.4019703052131923 0.6045339423962546
-0.5937107882272947 -0.5213988446258787 0.612903536264332
-0.9954182373064183 -0.09560731338595049 -0.001332090426097337
-0.9088552192405106 -0.24565581794129 0.3370985161208502
0.732960232371471 0.4997615337446366 0.4615275800547219
0.7172288054925328 -0.6417022851330386 -0.2716634274737595
0.8869433414069784 -0.4204780098119127 -0.1911275814696477
0.4186783709644981 0.6372897957948095 0.6469699667390473
-0.2184644977657486 -0.1270714463715361 -0.9675361030643792
-0.2209892852201487 0.2239519996310526 0.9492150639760942
-0.466768580793722 0.1686340816888041 -0.8681530040705893
-0.5604730776572422 -0.1938782669835595 -0.8051590816806768
-0.9330647720410337 -0.3141790069037495 -0.1751618759804426
-0.6145294681234919 0.7805633346046219 -0.1143434015532637
-0.7859171341280921 -0.5148346356728575 -0.3424610287251422
-0.7997971684302303 0.6001419359653505 0.0124155574480948
-0.4060951759562432 0.8027313147587107 -0.4367025811359704
-0.1936274745608352 0.6011935466756895 -0.7752900879868764
-0.03872860360844426 -0.7057843553124576 -0.7073673296518002
0.249079451325807 -0.6345162098075331 -0.7316752055514228
-0.6601693132628443 0.5201413683945725 -0.5418758480599459
-0.7165601832308657 0.5602963148184146 -0.4154630469837861
-0.963830114207631 0.2587015749944442 -0.0640703210691119
-0.9034479721366063 0.09830035719507131 -0.4172754502934181
-0.8171755584336228 -0.2512701468731888 -0.5187363684850166
-0.8094999229964904 0.4692801145318285 -0.352825805141389
-0.7561150865631128 0.1046524166410753 -0.6460169096570454
-0.5841770493235572 -0.7842665818958613 0.2089571811759635
-0.3332033585906529 0.5697608326428184 -0.7512310665900811
0.4027489286456601 -0.8027562806301395 -0.4397449879005303
-0.5584574173722542 0.1560087480762297 0.81473098842845
0.5956477083326505 -0.5140042892348851 -0.6172547271639173
0.8470724480972827 -0.5225550588335788 -0.09697668875513675
0.10378885453677 0.395712493605835 -0.9124908197226954
0.1695565781909904 0.7111426549426981 -0.6822951642164945
0.3155915208858778 0.6864002801979363 -0.6551768061287983
0.6373224880766984 0.5863736668854919 -0.4999859687781134
0.7046217061374994 0.6067762448668941 -0.3678734020082327
0.1236190785541355 0.3334533774935424 0.9346267535522271
-0.08693516866476445 0.1430418791217174 0.9858911183627515
0.2316303910908753 0.4110806420679735 0.8816802524952404
0.1034914382270825 -0.9721334469389284 0.2103475304260251
0.2843385730367477 -0.9498804145538789 -0.1299183356204069
0.2891080864691641 -0.9177231497723407 -0.2723981180369495
0.7621722236070604 -0.5903269810945074 0.2657208252164545
-0.3006225059414124 -0.8279234813893493 0.4734646955007789
-0.5607724166437353 -0.2830372613616355 0.7780901010888457
-0.1236663855179585 0.8679597770042842 -0.4809911128031334
0.5000599546920454 -0.8649185899446723 0.04307986167002553
0.4704451623588101 0.8123432231306175 0.3446445082210838
0.8347016477390239 0.2513567348138319 -0.4899928072181137
0.7557261053414838 0.2419231175141575 -0.6085649175869601
0.2636252250257604 0.7963874123137552 0.5443058241818821
-0.1875910922115242 -0.4893828133912473 0.8516537113640467
0.6620021314006688 -0.6692097371483321 0.3375077861721582
0.5803685425211347 -0.5576295171122343 0.5934826673939766
-0.2943309758945925 -0.9077823525628848 -0.2988318540656784
-0.255745844134255 0.9666502262199245 0.01346860635055715
0.5136335339840683 0.6764222886069087 -0.5278574431064023
-0.2153256503449592 -0.7823317278840026 0.5844586656467258
0.7209357106222749 0.6928418777685001 0.01489407801018939
0.245348741433013 0.7765683863866911 -0.5802977997046062
0.6208344202288828 -0.3850581281775178 -0.6828578626504147
-0.09579832191150864 0.7273434763905797 0.6795543752129077
0.1749527098473351 0.9716139279716278 0.1592417165463195
-0.8347692865589258 -0.4813887116166417 0.2672548344669791
0.714940608346157 -0.2661342182424559 0.6465543321470388
0.6041526951703944 -0.3564454577090914 0.7127034141891733
-0.3234127904846926 0.8873606516716522 -0.3286262935551036
-0.7296477507010696 0.106377091367551 0.675498389582869
0.2896742742395098 0.7014519764129638 0.6511942410910587
-0.0159054362564224 -0.6053400690456404 -0.7958080282991069
-0.08186434032728612 -0.427371522999724 0.9003620444641558
0.9646003876407877 0.2550449314745882 -0.06706843588727131
-0.697989592028684 -0.4969603579980313 0.5155976454543796
0.2582803504335254 0.2658361190397621 0.9287746865595621
0.8363573598847471 0.3777475219791271 0.3972570656454639
-0.5398469710660327 -0.33622653126309 -0.7716974585325652
-0.6388794726696028 -0.7668226800686844 0.06177375440824646
0.2292548671025607 -0.9250052373616354 0.3029975524048528
-0.1429200730777728 -0.8738132982226546 0.4647840063520799
-0.9758572911967913 0.1428239856006823 0.1652387858681993
0.1718201528654371 0.9586534191680096 -0.2268511780590576
-0.08110911965718798 -0.9672743865452145 -0.2404195745816347
-0.5332669703897093 -0.8321823252202354 -0.1519832750088747
0.9656715408099313 0.2483472603215107 0.07617160599969666
-0.3892290244997784 0.4411612997151716 -0.8086269066266416
-0.7619012897467572 0.4380283844520559 -0.4771137800321323
0.7256025217934622 -0.5583899854212131 0.4021213803670049
0.3270000103839199 -0.8650356474943952 0.3805053505180551
-0.06592504139438493 0.6233590237069271 0.7791517287924705
-0.6841402428273404 -0.02894724750150301 0.7287758125831528
-0.1910360998119363 0.147858899256758 -0.970382890656685
-0.1708669523212235 0.5293503068619083 0.831019095586654
0.4503673856117184 0.4541550211725403 -0.768708289743928
0.7565116358552819 0.2452907394493197 0.6062364208425385
-0.2246080734706634 0.961545881513065 0.1580529375780769
0.7617147638362396 -0.6317099686593962 -0.1439900484417072
-0.9896272422050184 0.1435326083964023 0.006025928361236097
-0.9378594351899743 0.2604566636417242 0.2293076670976443
-0.09643270108701874 -0.04503968990274306 -0.9943199487561971
0.1816182178920995 0.2849526229617355 -0.941178423890457
0.07391897453008973 -0.4841161968600048 0.8718758473212943
0.07459585580324347 -0.5854900410153353 0.807240280318594
-0.3225678338500285 0.3680953034106065 -0.8720411917864626
0.1831690809666262 -0.3235471281677874 -0.92831370970821
0.3934230341851485 0.7398310457471784 0.5457731579339423
-0.5333088682927679 0.7490125145231045 0.3931436176361803
0.9107452836147391 -0.2496798517981716 0.3289422441395315
0.785529499518176 0.5241839677731465 0.3288990321000121
-0.2409846855617969 0.9454292004695625 -0.219294341523363
-0.8511715634778191 -0.3743120564332595 0.3679639302097822
-0.1096948265708433 -0.004801312410812855 0.9939537174449958
0.9605468035732619 -0.2723250055617229 0.0564706073191799
0.642164906193416 0.7552181804323412 0.131414356894765
-0.9981566703636214 0.01966172084626307 -0.05741670612262577
-0.02960844727280756 -0.08702353790026329 0.9957661591465211
-0.080218840130773 -0.9286980785372537 0.3620563721429114
0.473466595397399 0.2429344118774266 -0.8466476566840331
0.03647977001041257 0.9917721662017243 0.1227077696298247
-0.02217835462142367 -0.9158177183221259 -0.4009813304800382
-0.7083648037798095 0.7018220918044137 0.07526656775268241
0.7562294041343378 0.1193886963173627 -0.6433221801821111
-0.3952796618515468 0.7994256140254736 0.4524076442397066
0.6577914518526622 0.7024180740195648 0.2718809577006301
-0.6562843617624473 -0.7499436885179697 -0.08291743217273165
0.5946619899802976 0.1274932001828591 -0.7938026212981448
0.5551004032830895 -0.2168338687269535 -0.8030234216060284
0.3195872829494508 0.2603521575337309 -0.911087659144014
-0.890740158966208 -0.02974517245233569 -0.4535385252882444
0.1737726289405865 -0.4666759745362112 -0.8671889114960794
-0.8804135940453879 0.3733308566113818 0.2923969475249263
-0.8556943207754607 -0.3088667837971966 -0.4151969884999153
-0.2061677076181391 -0.9495987845367148 -0.2361292543118616
-0.78659453163218 0.322506685037835 -0.52655339796858
-0.2822429895212283 0.4168165251541734 0.8640618491893505
-0.6352392952399224 0.7723145531530018 0.00112639742785271
-0.5236756888233131 -0.4554504960029945 -0.7199504278949038
0.6754881838681428 -0.5119861453930085 0.5306466813051098
0.4417839527806265 0.6405753672481479 -0.6280844990448543
-0.6174746461265515 -0.595669418548755 0.5137149065354035
0.4993054277971813 -0.8625655011497882 -0.08169973071245731
0.921864565491425 0.3514784690266533 0.1631827463366943
-0.05093890857245786 -0.9678511601288642 0.2463115089285498
-0.1345470502182872 -0.6419378192081265 -0.7548595416021925
0.2994572698322858 -0.2424673765085021 -0.9227864947395349
-0.4927074891513653 -0.5495370486345473 0.6747209514400665
0.898310338605471 -0.1095415576995085 0.425486994738134
0.9542782062755657 -0.2346041484263081 -0.1852403805023492
0.373021089755994 -0.8627481169461657 -0.3413516563649507
0.2308777245162689 0.9701961574898895 -0.07358595187971161
0.469182690821526 0.7580595506587794 0.4530047685052349
-0.7030595547959587 0.5862079527208016 0.4025760779989224
-0.2859393927710746 0.951899772388122 -0.110115789009346
0.9045045669986436 -0.2189275905049218 -0.3659811448617339
0.8448865744573802 -0.2163551038569999 -0.4892413978157406
-0.988440913649107 -0.09467301463103689 -0.1184127549092132
-0.7970885122515033 0.488387765283988 0.3551440473351583
0.1481305998242677 0.2332186371181912 0.9610756435871404
0.7379670727585196 0.6205560485988979 0.2651693611101103
0.07410261488687175 -0.1293150909170405 0.9888308296812177
0.6809400429197439 0.2330882701683001 0.6942553681883972
-0.7541718725270522 -0.4794035899703535 -0.4487727538661151
0.1873727087585554 -0.9272179395024783 -0.3242812986856625
-0.4647808981073738 0.8826712765160488 0.06978634800612471
-0.8725062981487841 -0.4677794344025004 0.1411210843240013
-0.06742180261137477 -0.9928040323840205 -0.09896693293550726
0.2405266526897265 0.1037579878664899 -0.9650809340670723
-0.00397530049154195 0.1124586795290482 -0.9936484500992213
-0.1198340744974836 0.09277805013002165 -0.9884493047209871
0.7721237241480094 -0.2109721295610678 -0.599429491396842
-0.03418852285353827 -0.1671831477598169 0.9853329082143822
0.4900194341513252 0.5263067104425722 -0.694897259094561
0.7151813186683528 -0.6961102834983947 -0.06281842592408636
0.2906337792065731 -0.4940803483680358 0.8194001560535763
0.6395542589584247 -0.2322724894132459 0.7328163757108007
-0.8310478846958366 -0.4117738860465019 -0.3739006286605275
-0.6420809238260304 0.09485042135584464 0.760746662711924
-0.1229386070138271 -0.979594835279635 0.1589970364471127
0.6402303064649818 -0.2320648432956955 -0.7322916517275743
-0.3641489295369196 0.2252059863138908 -0.9037022855152593
0.1540454531266862 0.9873930262067936 0.03640068913061033
0.9341708090615969 -0.3218455225366848 -0.1540790677551283
0.1531130476873037 -0.5895104081655078 -0.793116557192221
-0.8047294153867631 0.1525715435828117 -0.5737006990583474
-0.411952144140076 -0.9022709214212283 -0.1272894940522649
0.4254858756814789 0.1356550398804663 -0.8947398950256964
0.1541970032437404 -0.2170907563564516 -0.9638956829943962
-0.227208694858817 0.3312035861279687 0.9157949516766983
0.6143735229520005 -0.4617626251823777 0.6397815660678463
-0.8274947672689267 -0.5597603557234044 0.04382641102066759
0.4137356212543338 0.1010368760076272 0.9047731126596932
-0.3846582035388905 -0.6315745897970273 -0.6731653615367846
0.9010534927011757 0.3306576548385486 0.2806565847930237
-0.5207074276596173 0.645031183182265 0.5592839596328433
2 2 0 441
711
712
713
714
715
716
717
718
719
720
721
722
723
724
725
726
727
728
729
730
731
732
733
734
735
736
737
738
739
740
741
742
743
744
745
746
747
748
749
750
751
752
753
754
755
756
757
758
759
760
761
762
763
764
765
766
767
768
769
770
771
772
773
774
775
776
777
778
779
780
781
782
783
784
785
786
787
788
789
790
791
792
793
794
795
796
797
798
799
800
801
802
803
804
805
806
807
808
809
810
811
812
813
814
815
816
817
818
819
820
821
822
823
824
825
826
827
828
829
830
831
832
833
834
835
836
837
838
839
840
841
842
843
844
845
846
847
848
849
850
851
852
853
854
855
856
857
858
859
860
861
862
863
864
865
866
867
868
869
870
871
872
873
874
875
876
877
878
879
880
881
882
883
884
885
886
887
888
889
890
891
892
893
894
895
896
897
898
899
900
901
902
903
904
905
906
907
908
909
910
911
912
913
914
915
916
917
918
919
920
921
922
923
924
925
926
927
928
929
930
931
932
933
934
935
936
937
938
939
940
941
942
943
944
945
946
947
948
949
950
951
952
953
954
955
956
957
958
959
960
961
962
963
964
965
966
967
968
969
970
971
972
973
974
975
976
977
978
979
980
981
982
983
984
985
986
987
988
989
990
991
992
993
994
995
996
997
998
999
1000
1001
1002
1003
1004
1005
1006
1007
1008
1009
1010
1011
1012
1013
1014
1015
1016
1017
1018
1019
1020
1021
1022
1023
1024
1025
1026
1027
1028
1029
1030
1031
1032
1033
1034
1035
1036
1037
1038
1039
1040
1041
1042
1043
1044
1045
1046
1047
1048
1049
1050
1051
1052
1053
1054
1055
1056
1057
1058
1059
1060
1061
1062
1063
1064
1065
1066
1067
1068
1069
1070
1071
1072
1073
1074
1075
1076
1077
1078
1079
1080
1081
1082
1083
1084
1085
1086
1087
1088
1089
1090
1091
1092
1093
1094
1095
1096
1097
1098
1099
1100
1101
1102
1103
1104
1105
1106
1107
1108
1109
1110
1111
1112
1113
1114
1115
1116
1117
1118
1119
1120
1121
1122
1123
1124
1125
1126
1127
1128
1129
1130
1131
1132
1133
1134
1135
1136
1137
1138
1139
1140
1141
1142
1143
1144
1145
1146
1147
1148
1149
1150
1151
0.785868059800514 0.1496933682873941 -0.001813305310871242
0.1563522043984313 -0.1520233681302323 -0.7697031140135078
0.1932798266544015 0.1348205179309042 0.7645039807308315
0.4759291360582799 -0.1276676959621843 0.6302320341418126
0.475929136058398 -0.1276676959610162 -0.6302320341419599
0.7762910160819797 -0.129573579784978 -0.143467577424704
0.07286868866345464 -0.1276676764612539 0.7863784830470971
0.7314778364273712 -0.1307754512510569 0.2963746888072838
0.6714567786275567 0.127667691597998 -0.4157484274860732
0.2161246207273373 0.1276676858464028 -0.7595993090479276
0.671456778627557 0.1276676915979962 0.4157484274860731
0.475929136056926 0.1276676959600817 -0.6302320341432606
0.4830721454014111 0.1428496839676985 0.6214782941725371
0.6705622623248647 -0.1300525749489257 -0.4164523743417886
0.3048322449066295 -0.1579010001089731 -0.7225957214305734
0.3179616813708614 0.1432971189509799 0.7199766002309822
0.3930047543178387 0.2600249695888122 0.6464783664392123
0.5140578899060573 0.2535655268882144 0.5580761680982573
0.4421090348963004 0.3660698171472016 0.5572544214601409
0.3177524279752107 0.3905562982008063 0.6216905761321638
0.3718197554707919 0.4818267123430797 0.5192235440677742
0.4899222589878432 0.4483493438951941 0.4460482552112471
0.4079589595261769 0.5610034117119325 0.3985532077275143
0.2802133540378814 0.5841108858865678 0.4693558875817473
0.3126417554131297 0.6546228002253238 0.3372300730915805
0.4314775353029994 0.617359096031401 0.2696198862772189
0.3281407821098541 0.7007014127022142 0.2033252501620356
0.4426307583574818 0.6541611244661468 0.1270875091937317
0.3319967909977178 0.7253886070218204 0.05991243251747338
0.4385530449104196 0.6687943363983757 -0.01963064953729141
0.3220194373754728 0.727222540224676 -0.08631835807957149
0.4250678913882206 0.6571725306438915 -0.1656549204758963
0.2932722959402026 0.7078304779251918 -0.2301464206850857
0.3972905920351233 0.6227022809830329 -0.3072491736993104
0.2620724131001968 0.6608448244074353 -0.3668816816710067
0.1565153086006962 0.7298695092485435 -0.2877385230429168
0.1973109014831477 0.7246239001428155 0.2756603190481408
0.1284964949398572 0.6670409624978072 -0.4225458615797467
0.5396008168052692 0.5602716142246921 0.1868868020945941
0.2350029865371165 0.5860394892917848 -0.4912548354054744
0.100999486328001 0.5799118980872089 -0.5417575972871728
-0.0134814413937436 0.6434834173094506 -0.4751287640058204
-0.04220550839433977 0.5465068142418427 -0.5827083293109919
-0.1527537434274125 0.6031261378744645 -0.5028967644373393
-0.179807556730556 0.496295373204717 -0.6011323856507639
0.514365402854783 0.5642162318839219 -0.2389315299928942
0.2078264813050666 0.7725335914427525 6.132631717901468e-05
0.4785894191535676 0.5198471240701392 -0.3751148297125245
-0.1226165106856661 0.689380613548316 -0.3869361200133932
-0.2595186795381026 0.6379279281458405 -0.4070602086452998
-0.2261011031567507 0.7127843162140801 -0.2842829747109855
-0.06782393468539277 0.4357649461504235 -0.6674644751522809
-0.2058748710461092 0.3780037719363279 -0.6743357367614863
-0.3119996854495309 0.4306634488018711 -0.5976497219487948
-0.3306089045000697 0.3000229755016809 -0.6638403169711686
-0.4383113036403699 0.3466772932067211 -0.5724491728319123
-0.4440980326666316 0.2110026172042908 -0.6310743481671292
-0.5508516695591384 0.2465927614056325 -0.5251232694960818
-0.5450105566579422 0.10580605211923 -0.575993552452059
-0.6374847154295405 0.1416211508697142 -0.4621219397735356
-0.6186506602692744 -0.08491443005060145 -0.5000608964091997
-0.6291761579582703 0.2787332947228155 -0.4079768531054594
-0.7051028057663629 0.1733607467063898 -0.3358215073544363
-0.6861269955725462 0.3065098462526387 -0.2743746710189824
-0.7496630330851661 0.1978243513439139 -0.1971569497656852
-0.7561415515679735 0.06165940856853478 -0.2538662469241555
-0.7878091163002451 0.08383185726069367 -0.1110361021580353
-0.7680787252337088 0.2175980940306682 -0.05202058551747679
-0.7928305897529559 0.1009829812916147 0.03495845307557816
-0.7597315229976809 0.2320496204946354 0.09466248777588629
-0.7711342243449512 0.1126466263339144 0.1807283752472137
-0.7908274536126023 -0.02020471335304032 0.1190953742633555
-0.7249084180191186 0.2406813299681551 0.237866102859947
-0.7556964965246944 -0.009385239906783371 0.2623637216007478
-0.7007577802762749 0.3560251876884692 0.1489449533003998
-0.6536931212124326 0.3595332475694079 0.2888271925767077
-0.6182425954845466 0.4685593047732833 0.1955205130898255
-0.5599290588296395 0.4651290374344806 0.3318650744104109
-0.5852889295413733 0.3488483542200532 0.4192155706963582
-0.4816913952675538 0.4474548864983401 0.4558042609212364
-0.5152188440384704 0.5654514007517675 0.2341244458306866
-0.4978895858645309 0.3243367053312421 0.5356413556312852
-0.3874042190037553 0.4180807409996918 0.5613612607788671
-0.4132763809371643 0.2975202612995097 0.616996213177805
-0.3640595171962432 0.5313555259204826 0.4744702024496433
-0.4175849222471609 0.06665826961254744 -0.6791019863055133
-0.501530729004061 0.1901035594650418 0.5935718697372513
-0.2757810282592715 0.3727802087843334 0.6519047019242671
-0.5622986080523557 0.5610265043971089 0.09523411545419941
-0.3991026574792086 0.1524804616942928 0.6763629037687747
-0.4881804893037819 0.04758931059523206 0.6319929330144369
-0.4491789599952767 0.6489237098175152 0.1309056176572824
-0.7808380402179964 -0.0528235312605151 -0.1658361525533195
-0.6010775500674524 0.4063304720406821 -0.3370479584511756
-0.3730423524203906 0.004002720125961091 0.7076887603546167
-0.2627358429071883 0.1034392696313587 0.7485119867777539
-0.2244299504835326 0.2459340232559096 -0.7274253594226151
-0.4890668651508182 0.6323525752444286 -0.03072168604245277
-0.366756021139604 0.7104465402503131 0.02749062393265492
-0.3209924919878754 0.7141418022285388 0.1642111640455314
-0.2306915918568007 0.763771448294965 0.05860515519975303
-0.1821324708660096 0.7544455964071016 0.1940092913191921
0.2071900808022985 0.4898647464491914 -0.5975824634336306
0.5871414210659489 0.452771997678066 -0.3004371311726824
0.6134560422732057 0.4876955734336347 -0.1607006902652672
0.6759198496223451 0.3674628571284479 -0.2193248857688164
-0.3543484160844692 0.6533404524047057 -0.2959450173090309
0.5422112664848658 0.3993383347898203 -0.4318979472794139
0.6911664262053907 0.3957628591515114 -0.07523782694023591
-0.2355116265503137 -0.04088674017321178 0.7634543524256273
-0.342046363488111 -0.1502527941996606 0.707409628899518
-0.6359723385755002 0.4488308254582083 -0.1846349768741355
-0.5863802526593894 0.0901153264463742 0.5366911842303488
-0.5635888541559249 -0.05543284417440714 0.5650617694181296
-0.09007314935248255 0.7905419029191039 0.08324858854519736
-0.4130938888835524 0.4723927190752659 -0.4961839960455601
-0.1436584007034669 0.7857789047399567 -0.04374673442665076
-0.2630342191657864 0.6960216347829171 0.2938824313598223
-0.1226173223958155 0.7207267761383189 0.3248351988404986
-0.7388256753134683 -0.07728801232605655 -0.2969228597603836
-0.7479755066082845 -0.1898997745116142 -0.2108808126751187
-0.6939082585837195 -0.2120334654712939 -0.3369467883650816
-0.6895850592463136 -0.3222802144938287 -0.2461867368687236
-0.6204685885768416 -0.3359894694913113 -0.3770010702642755
-0.5997187271792692 -0.4499880483437698 -0.2790129112034825
-0.5243589514427967 -0.4454534520398512 -0.4081897991224068
-0.4922007355376017 -0.5500231261070682 -0.3085660329389031
-0.5561284653395504 -0.5476749371406118 -0.1754231833798016
-0.4409961120854743 -0.6366449789693739 -0.2005133408992562
-0.4963075970500032 -0.6241447561727678 -0.06420352367657135
-0.3732326692869431 -0.7022702506853867 -0.08668257944493514
-0.3135447821443665 -0.7030435503399757 -0.217760042054101
-0.2371127096585199 -0.756845567168925 -0.1047012434269163
-0.2939493412363732 -0.7434065405642093 0.03066757625012789
-0.1526686766375799 -0.7851857175556222 0.01325383417704139
-0.09244068650390048 -0.78547856562518 -0.1203251529070193
-0.007519104787019395 -0.7999630042834625 -0.001629368275873218
0.05376165786168317 -0.786644639349368 -0.1352771064403211
0.1393130831704566 -0.7876480029104175 -0.01422984078521359
0.199935943174148 -0.7606068005531131 -0.1466387178729424
-0.2068001606072547 -0.7583436589210514 0.1488240187168921
0.2792373112610899 -0.749341389256814 -0.02267170805971499
0.2177580271963893 -0.7622500447960442 0.1075002827901624
0.1115308291049462 -0.7468505174547762 -0.2641499171620094
0.2543435106163597 -0.7078709510008081 -0.2724483351693616
0.3531971068220819 -0.7111221942045679 0.09776005647600189
0.2872989707723452 -0.7111924509328728 0.2272984802616253
0.1662479985234748 -0.6841397146604693 -0.3798874225494053
-0.7640903297566731 -0.1364534623635694 0.1937689876665831
0.4146017807451834 -0.6492745858585295 0.2157495667693395
0.3452521475498416 -0.6362685087400423 0.3405339034486063
0.4878355234682309 -0.6277757948866682 0.08896096557979073
0.302495744774512 -0.6311588481500945 -0.3874723639114912
0.2076450191510646 -0.6889626471676248 0.3495912138906423
0.2608507168151537 -0.6026595414635438 0.4569008433128259
0.1254141889058363 -0.6462273192371208 0.4546004103525375
-0.343089327638316 -0.7037633124322139 0.1643378025139881
-0.4096220510044044 -0.5358390213468817 -0.4302165949065204
-0.4335983127880733 -0.4230885307749558 -0.5224831081231484
-0.3116728690772217 -0.5051752027627695 -0.5363376149355625
-0.3292402568462195 -0.3844699508103784 -0.6195027927263126
-0.2037601512627694 -0.4633257385449889 -0.6195248669416863
0.195194830936946 -0.5893835893094238 -0.5045056616414106
0.4637725378688629 -0.5659229238990514 0.3234907685301424
-0.2510988700795648 -0.7066826397336305 0.2784762182734345
-0.3826960064535156 -0.6402047523876754 0.2892777932451194
-0.2846492061337821 -0.6304727522044791 0.4018444203608123
-0.4101114738269698 -0.5528802126143053 0.4075929949533372
-0.5004994300995791 -0.5520118171059024 0.2911756759165098
0.1691630207271812 -0.5472532321634566 0.5584780857877103
-0.3066133975856026 -0.5336398624178789 0.511093652533115
-0.6041869764764747 -0.523098867059726 -0.03640978902777563
-0.214821847240914 -0.3309677093424654 -0.6959252469343263
0.3402658157370309 -0.5345694336970435 -0.4883182314819249
0.4302828605087716 -0.5591811534604763 -0.3770584803011331
-0.520948738974397 -0.4555640810907734 0.4013399797938214
0.3071005768549699 -0.4957758886604319 0.5476271577618331
0.02471060958174785 -0.7079758414433005 -0.3716982562600327
-0.08381929274633584 -0.3986288619476981 -0.6885269468842794
0.2556458094435013 -0.4775978616124449 -0.5886811553780169
0.4611892009420728 -0.446458401051648 -0.477471901858966
0.5447396392186955 -0.4700221789479962 -0.3497683186923348
0.5053961605057911 -0.5663572200867482 -0.2526147663966119
0.6111532596582303 -0.4685355630978364 -0.2167166798419368
-0.6121141545119407 -0.4482103545771128 0.2538183206468575
0.2113234192261501 -0.4314135566472397 0.6397067731606001
0.06577155998113875 -0.4857317967443132 0.6322489411056286
-0.6133623345273516 -0.3418596217798852 0.383299681163018
-0.5216667490483329 -0.3448210544303698 0.4989611641790087
-0.7341473129340753 -0.2965156287157511 -0.1144823341785961
-0.1146512566765845 -0.748291893121571 0.2586780470604633
-0.3375752177107699 -0.2503808920324094 -0.6806999201502681
-0.2184136946353195 -0.1918868753983 -0.7453018751121099
-0.06835976982507512 -0.5192114512025738 -0.6047697171730577
-0.1752098378498154 -0.6058033024484092 0.4922437114511901
-0.1985924660127123 -0.5097222024749247 0.5837330800520918
-0.3208613867615472 -0.4215131798094559 0.5994786149083038
-0.194883810064564 -0.3875694698107745 0.6721682874439362
0.3448095035909083 -0.3719748539523272 0.6186607424594968
0.434989004521992 -0.4288862011433053 0.5165667356826515
-0.2815000073648002 -0.6089726945951753 -0.4357866485920702
-0.5260428677599489 -0.04929559709945859 -0.6007069546671628
0.2442570815258001 -0.3007141859127779 0.6999353230944371
0.6422189027212976 -0.3678842099318957 -0.3036710211235786
0.6935422859716031 -0.3583473204575285 -0.1748893807244802
0.6534528779794379 -0.4551366944913164 -0.07648480625527883
0.7230292032316931 -0.3409921212001939 -0.03087303926624266
0.6690191483703775 -0.4335485926341393 0.06670080163484823
-0.5320640851474011 -0.1910157463784843 -0.5660572355616786
-0.7219822693196624 -0.1200206040307889 0.3230118533368629
0.4290945731700773 0.4597395023983689 -0.494487044532503
0.733186893348436 -0.300542766552783 0.1100501017485575
0.6638454992864715 -0.3962845213086074 0.2055911750253469
-0.08847957584685398 0.7522337537080541 -0.2575184351464017
-0.5456122912754363 0.5230023395738048 -0.2622513687466569
-0.1979221670852282 0.6553199329962771 0.4139838175509302
-0.05640497682620639 0.6647775587918071 0.441462655177129
-0.1419505662741 0.5774455233747229 0.5351697901310899
0.01253074607235108 0.5836179963169322 0.5470219509104542
-0.06404913041674958 0.4886599738307907 0.6301659613693437
0.08521500113488605 0.4976682224470708 0.6205358522663733
0.006784642097242229 0.3816093164713502 0.7030848442498824
0.6208216936310218 0.5042363145131751 -0.01806000673533659
0.6852887594719509 0.4068978847517736 0.06937886944832414
-0.5387553839785537 -0.5874249983448587 0.06837037043678994
-0.7838256715713742 -0.1513660950842008 0.05201559232234763
-0.7411843907713077 -0.271739448592534 0.1296278170594208
0.48544001053502 0.33827677177799 -0.5384392461988833
0.0733557974771899 0.6557514206893619 0.4523372649255963
-0.2037723872348345 -0.1685398013590177 0.7550305620029429
-0.01642814155960753 0.7987630049331939 -0.04132527211031713
0.07002135874698343 0.79279618203136 0.0810630808427905
0.05094257688064428 -0.4510455447186311 -0.6587585069281708
0.03576535376581575 -0.3231671863958946 -0.7309471999446795
-0.6029353995056592 -0.2238702754271945 0.4757636007547268
-0.5029703101610244 -0.2232871202242835 0.5806580138415977
-0.3204277746829752 0.7122177502880876 -0.1734125640958338
0.745279549927666 0.2660042133850669 -0.1174740436054178
0.3456444430853101 0.3922499492371777 -0.6055327375854072
0.06320847877637494 -0.719118397731346 0.344780246323768
-0.6949551857431548 0.003907533965227904 0.396260042127651
-0.5996056772507121 0.5274724246098811 -0.04739064343188724
-0.3719729010873394 -0.07544131465132387 -0.7042334619288891
-0.2162045615206982 -0.03348369683592065 -0.7695027158001735
-0.1057948340466158 -0.1384203095925134 -0.7807991233226138
-0.6266979705037371 -0.4863945680443883 0.1032955853045529
0.2238720738724334 0.2572782439827693 0.7236637338662193
0.5917134199000582 -0.515532340483259 0.1552470116492752
0.7175565417637365 -0.2503068715424711 -0.2499181454610444
0.7168465328546173 0.2402544029294149 -0.2615508941054197
-0.4489662991432621 0.6356263047752329 -0.185495182987013
0.7726132087359534 -0.2074823999844127 0.004459078766082955
0.4660021522828203 -0.2982085302469441 0.5778526339437561
0.5542812231950873 -0.3465951725379923 0.4611335077683218
0.5707477922262379 -0.2126427403339816 0.5186810413463456
0.6492475802961678 -0.2538098234836491 0.392502424174386
0.08251411721717442 0.2350884243625841 0.7602136891628486
0.1714021701214851 -0.3765379713295582 -0.6847192506602005
0.3159839088400209 -0.361228070773149 -0.6400534745157549
-0.09647153943111028 -0.08292354068608271 0.7898208204902395
-0.02798459155835788 -0.1804558899671556 0.7788790242466886
0.06068089396278044 -0.2718888950827812 0.7499295019123747
-0.1080023630945481 -0.2592424616429735 0.7490853326873279
-0.02825721305665695 -0.3720940519214266 0.7076351789128105
-0.09110402954543696 -0.466722649130111 0.6433273075111575
-0.0602071098588998 -0.5705316834636004 0.5575560080266631
-0.02722879202256798 -0.6618304237502869 0.4485967934387263
0.5998573530724424 0.2607567521908106 -0.4606268252629492
0.2351522260249884 0.5000440122308536 0.578497550926158
-0.6605469909529474 -0.4273279818558815 -0.1451498145571888
0.06358594365834114 -0.5622799315362861 -0.5655069463416236
-0.05369702697412279 -0.6388912734219679 -0.4784710754469873
-0.5335524637304051 0.3773317082952432 -0.461456986470254
0.1252477012156209 -0.3693623178737673 0.6984872879839122
-0.7012279132504263 -0.3848757389111971 0.0122506847160768
-0.6266744202990449 -0.2144679034756812 -0.4486453937371941
-0.3284528270457385 -0.2953949442819568 0.6669786857901244
0.1844867228096822 0.7631792484353178 -0.1533691098775986
0.3678023304947635 -0.2350419026956003 0.6704302720342009
0.2161246207263041 -0.1276676858460816 0.7595993090482756
0.588127122447342 -0.5422563997350313 0.008030242101609126
0.5041754478421292 -0.6195552726233675 -0.04425360954513119
0.03958223920560634 0.7781378349197645 -0.1814793547648088
-0.6848745651315894 -0.3252881736953583 0.2552144864418056
0.5824926567275095 0.1265714684475097 0.5335559654184074
0.260248454981154 -0.2741810212269161 -0.7050500048073808
0.7723276929027963 0.1309412865575656 -0.1623709156533072
0.744908585503391 0.2907897760274836 0.02350543344044902
0.719504649931078 0.3089688943670794 0.1638636049925105
0.6323411776781217 0.4383433028946495 0.2190885296405441
0.6751552626385351 0.3088764702324741 0.2979273358861491
0.7385069940032515 0.2113104731309877 0.223506831558768
0.7759680676504335 -0.1301139471631937 0.1447201393741234
0.7355854121252747 -0.1276105864664326 -0.2874537174749748
0.3504155709634675 0.126571468624316 -0.7079467430228287
0.2839949162437762 0.2602170264259431 -0.7011661619799766
0.1381424072786191 0.2543101952427372 -0.7458170016209533
0.1905575021196076 0.3680646080539841 -0.6842633138522063
0.07286868866257873 0.1276676764608235 -0.7863784830472478
-0.01236930239864894 0.2434222769720316 -0.7619662692218878
-0.07347725872804228 0.1122221801774764 -0.7886743781346178
0.5825440335953644 -0.1265336741486617 -0.5335088361300899
0.5096130855700324 -0.2486114849155661 -0.5643463764248584
0.3990669637054296 -0.2414264382204232 -0.6499683326186972
0.5885094554242503 0.1290379762955387 -0.5263134252038462
0.3520206998814759 -0.1276676955796281 0.706952888359856
0.4169888478217495 0.25443761839389 -0.6335469983658158
0.07686110515494457 0.4704361608192677 -0.6424812752975674
0.5227809595113078 0.514793020090476 0.3188858962678704
0.5698567709923201 -0.4897028772855069 0.2746895566498695
0.1720451633454295 0.3985243196463512 0.6719961520870916
-0.1403045915009802 0.3778695858314768 0.6910348744508422
-0.0679330796967773 0.2809678935916421 0.7459504939696647
-0.210242765467276 0.2572896437770879 0.72773622884513
-0.1757343484453338 -0.5723733053556884 -0.5305716144807389
0.2072326811143731 0.7593027302008796 0.1432270218486685
0.5329600560746144 0.5892329008175552 -0.09358508013071914
0.3879392957691069 -0.6434697677131946 -0.2746811985507865
0.3314100923673422 -0.7116894493331827 -0.1538358813310491
0.5769759226802024 -0.3627024345197083 -0.4189817760246923
-0.1736886528656982 0.06854925099209487 0.7779031122537829
-0.4519631540402492 -0.09491814896014737 0.6532379753106592
0.07647643170997813 -0.7880124796105844 0.1148376565891494
-0.06703575839812458 -0.7868065990034953 0.1282247357592952
0.1481236376948034 -0.7513498865194055 0.2313714243015656
-0.5928549578662879 0.2219086701983628 0.4891620805256235
-0.6667325881855555 0.2376658895091565 0.3728036759679442
-0.6563511518585778 0.454079508414008 0.05490870142710378
-0.7237696504530144 0.3407570027485793 0.006492931612606848
0.3539938202233719 0.5685226156180956 -0.4375733204554662
0.3896313589644693 -0.540046046779466 0.4433256945738329
-0.4222247296504888 -0.4480644732160818 0.5108468513294045
-0.4498041253332359 0.5518989201389545 0.364806566254856
0.04895402879194913 0.7250556304181641 0.3345113389168682
-0.3947283209975223 0.6434518932040796 0.2648758458873944
-0.04080983138764808 0.7688224244960861 0.2173629160047132
-0.2654740903651111 0.497037531692504 0.5678707594460554
-0.03318789773542506 -0.7600880962391631 -0.2473148790498217
-0.1156420877965251 -0.7086979846550732 -0.3526670867488186
0.6424706879049512 0.3314569683935318 -0.3425896864856098
-0.7988790734870171 -0.03409529098201865 -0.02509456270542807
-0.7229342507759468 0.1225575301866332 0.3199151775855171
-0.09426185203905361 -0.264418220359406 -0.7491313022375531
-0.4250472081410027 -0.6760924366851653 0.04726402340739573
-0.4656318349432126 -0.6262855519469026 0.1759357885990809
-0.4403265460479092 -0.304093581445477 -0.5946760686030518
-0.2879122014146424 0.5469998440908994 -0.5078363268230286
0.01745923723847806 0.7252397990045306 -0.3372275329431427
-0.7176473685238167 0.3287262511910802 -0.1300819212215901
-0.3725782625091011 -0.6295105146817654 -0.3238857054746288
0.7127128886101656 -0.263545112608249 0.2501685672286971
-0.693354550954666 0.02099786592362547 -0.3985204590696776
-0.1751715702335995 -0.7449144712713021 -0.2332752697404749
0.6617409201925206 -0.1190393955502498 0.4335072973431785
0.03179704396910146 -0.215862720815349 -0.7696702110365333
-0.07409686167201758 0.07352564355678146 0.7931605353457263
-0.1568377657566815 -0.6870194778796791 0.3786900477255581
0.5876869955449143 0.3961930383628536 0.3710189639630327
0.6163151229128713 0.2687701388842319 0.4334954229435913
-0.4977836644849892 0.4935616731138086 -0.385497468480655
0.5955198307209882 -0.2542056222325736 -0.4698251087834653
-0.5399739279467216 -0.3296773763054079 -0.4896335207991494
0.7791871060683794 0.1204461382154031 0.135499747327366
-0.3795933140122748 0.5729323026266214 -0.4094600011773266
-0.338171423307812 0.1622617177092273 -0.7066195747529357
-0.2219204610746617 0.09249663688072537 -0.7630174841523389
0.5395589972330167 0.5886971715988827 0.04808043943618932
-0.4127310802430455 -0.3374605668639483 0.5964674519311775
-0.778910802969665 -0.1649378733716469 -0.07806061071238468
0.009210694817649709 -0.7628014085994793 0.2409339621963376
-0.6637659373138427 -0.105244007450936 0.4339798144586257
-0.6752207488868996 0.4247372183577604 -0.06062372154797498
0.5093647988488568 -0.4676328202003256 0.4023270400621284
-0.241532101197499 -0.6845184007960696 -0.3362986813276442
0.4239305004911774 -0.3493850128026483 -0.581560868338124
-0.3284116293913213 0.6188551232767605 0.3862177340240125
0.7309145802780461 0.1251758514516433 -0.3001580959266698
-0.6611558931053245 0.1155327016963185 0.4353447827307111
0.3220944192876903 0.5004759121950519 -0.534583058444856
0.08093473337990126 -0.6457010423254889 -0.4653168091445888
0.1441715799498429 0.5765168220982212 0.5355771740585424
0.7461541681369732 -0.2622294402659955 -0.1203730785084593
-0.1881969108557532 0.7602809527792294 -0.1629564223510661
0.4017553349683279 -0.6912041025970703 -0.02880172525153295
-0.4399814085670923 -0.1799697462184865 -0.6434494934036166
0.09505045441041958 0.7639104467784292 0.2177297416963364
-0.3283309939200961 0.2570982768606026 0.6827146068942358
0.03576703344920099 0.09894581326693803 0.7930513510203411
0.05447630109303817 0.3303242921308547 -0.7265797923473171
-0.5582377026042946 -0.5423419433454262 0.1850294135519691
-0.2769010440063942 0.747876644317888 -0.06329562948564521
-0.6842454030320489 -0.3864188106673752 0.1499624326020345
0.6257104516362659 -0.3720272966702723 0.3317862583732925
0.5739213965328847 -0.5436801753058849 -0.1225809837662651
-0.09591758181367209 0.3182501354773736 -0.7276789599594388
-0.684516313884889 -0.1147012536803466 -0.3978454956758979
-0.4517353482359834 0.5839143375390073 -0.3081869912415139
0.6126000933984832 0.5035752635633551 0.1055134090780269
-0.7575970765793199 -0.2569945481662811 0.0006868560817747796
0.1905237990607112 0.6697182277317322 0.3939266142764937
-0.6789712313211463 -0.2353354403524781 0.3515896721355046
-0.5446005202482971 0.56659342298361 -0.149606705655195
-0.1704669507113499 -0.6466968413153413 -0.4390036607454822
0.5872727532123482 -0.09214030984948458 0.5353698503233344
0.3671040548438735 -0.4421747225383277 -0.5565214530144716
0.1345116516451974 -0.2904287313206749 -0.7331833110451603
0.5218680359561788 0.2209469447827986 -0.5646558249397481
-0.4138064623164803 -0.2151906055675379 0.6499670876441326
0.4485615253558053 -0.6433648797321941 -0.1577155334697638
-0.07327567154587265 -0.06642060021373616 -0.7938633256592399
0.794990086389321 -0.08939106522857887 1.758503553725829e-15
-0.3952792421894473 0.6902633153974524 -0.08538662723549521
0.5346625450007817 0.3476463024446162 0.4829886244725373
-0.1421883481622999 0.1615177346651273 0.7705157331524921
-0.317093082657236 0.04517078733322496 -0.7330836083985428
-0.07540380089940518 0.7834104227704213 -0.1434655927551707
0.101867315208894 0.79111911305055 -0.06126662270961979
-0.0506134896577206 -0.7177493189683697 0.3496772651819232
0.5100730690593562 -0.5773041443716295 0.2157438043414214
0.6617355764470616 -0.2635041679387725 -0.3642411019409673
-0.263763205989317 0.5797026234493138 0.484121719748474
0.5107848453364109 -0.348103323151957 -0.5078611209624371
0.2587851891899078 -0.06929061752778329 -0.7538096816694264
0.1784851165129111 -0.2313068908025581 0.7447416904206626
-0.6129420348117395 0.03314746272809584 -0.5130334371905345
-0.1756862752022227 0.4609340310931833 0.6298207297999625
0.03350700246470386 -0.1098805112652904 -0.7917092610484665
0.6685447160512538 0.2308630049492076 -0.3738318279464319
-0.1189476604081621 0.2123805527895271 -0.7620668965912637
0.7395047627338525 0.1127305861767771 0.283592173436061
0.06681697964117715 -0.5859780148166875 0.5405231330693667
0.1431203633108382 -0.4985220032447756 -0.6090914331088475
0.2790071218915827 -0.2113102927763448 0.7193768039772694
-0.6393253162246018 0.008256215659000055 0.4808273858021243
0.3715765703977071 -0.09936818750147013 -0.7014676155348516
-0.7255346475548968 -0.2231494083760039 0.2525941740001763
0.6935508266157302 0.2074861195695346 0.3404948767406262
0.7613092484260886 0.2205239115540601 0.1085238807535047
-0.1382155339344305 0.04895693651714174 -0.7864475090850483
-0.2273035030991079 -0.2786808833684528 0.7146118405986935
0.1161400048504874 0.3269609590632594 0.7208384219239166
3 3 0 0
$EndNodes
$Elements
3 5749 1 5749
2 1 2 1380
1 24 492 1 
2 1 676 24 
3 492 555 1 
4 555 628 1 
5 628 632 1 
6 632 676 1 
7 5 493 2 
8 2 684 5 
9 493 616 2 
10 616 684 2 
11 6 47 5 
12 5 683 6 
13 42 683 5 
14 5 684 42 
15 47 493 5 
16 7 494 6 
17 6 702 7 
18 6 494 47 
19 6 683 59 
20 59 702 6 
21 7 53 8 
22 8 56 7 
23 7 702 53 
24 56 494 7 
25 9 507 8 
26 8 642 9 
27 53 642 8 
28 8 507 56 
29 10 44 9 
30 9 638 10 
31 44 507 9 
32 433 638 9 
33 9 642 433 
34 10 48 11 
35 11 502 10 
36 10 502 44 
37 10 638 48 
38 11 498 12 
39 12 499 11 
40 48 498 11 
41 499 502 11 
42 13 55 12 
43 12 58 13 
44 55 499 12 
45 12 498 58 
46 13 65 14 
47 14 490 13 
48 13 490 55 
49 58 65 13 
50 14 41 15 
51 15 45 14 
52 14 65 41 
53 45 490 14 
54 15 61 16 
55 16 491 15 
56 41 61 15 
57 15 491 45 
58 17 54 16 
59 16 57 17 
60 54 491 16 
61 16 61 57 
62 17 496 18 
63 18 663 17 
64 17 663 54 
65 57 496 17 
66 18 49 19 
67 19 501 18 
68 18 496 49 
69 501 663 18 
70 20 46 19 
71 19 500 20 
72 46 501 19 
73 49 500 19 
74 20 51 21 
75 21 483 20 
76 20 483 46 
77 20 500 51 
78 22 52 21 
79 21 505 22 
80 51 505 21 
81 52 483 21 
82 23 60 22 
83 22 707 23 
84 22 60 52 
85 505 707 22 
86 24 43 23 
87 23 50 24 
88 43 60 23 
89 23 707 50 
90 24 676 43 
91 50 492 24 
92 41 601 61 
93 65 589 41 
94 589 601 41 
95 42 644 59 
96 59 683 42 
97 42 488 458 
98 458 617 42 
99 42 684 488 
100 617 644 42 
101 43 449 60 
102 43 451 449 
103 43 676 451 
104 502 686 44 
105 44 686 504 
106 504 695 44 
107 44 695 507 
108 45 508 490 
109 491 629 45 
110 45 629 508 
111 483 691 46 
112 46 582 501 
113 46 691 582 
114 47 703 493 
115 494 661 47 
116 661 703 47 
117 48 566 498 
118 48 567 566 
119 48 638 567 
120 496 497 49 
121 497 611 49 
122 49 611 500 
123 468 591 50 
124 50 707 468 
125 50 674 492 
126 591 674 50 
127 500 677 51 
128 51 506 505 
129 51 677 506 
130 60 71 52 
131 71 80 52 
132 80 483 52 
133 634 642 53 
134 53 702 634 
135 464 491 54 
136 54 624 464 
137 54 663 624 
138 55 664 439 
139 439 670 55 
140 490 664 55 
141 55 670 499 
142 56 495 494 
143 56 643 495 
144 507 643 56 
145 61 62 57 
146 62 63 57 
147 63 496 57 
148 58 66 65 
149 58 67 66 
150 58 498 67 
151 644 702 59 
152 60 449 71 
153 61 601 62 
154 62 709 63 
155 601 658 62 
156 658 709 62 
157 63 497 496 
158 63 592 497 
159 63 709 592 
160 459 471 64 
161 64 658 459 
162 471 625 64 
163 64 625 592 
164 592 709 64 
165 64 709 658 
166 66 589 65 
167 67 68 66 
168 68 489 66 
169 489 589 66 
170 67 69 68 
171 67 566 69 
172 498 566 67 
173 69 70 68 
174 70 73 68 
175 73 489 68 
176 69 72 70 
177 69 342 72 
178 69 566 342 
179 72 553 70 
180 70 74 73 
181 70 553 74 
182 71 86 80 
183 71 114 86 
184 71 449 114 
185 342 343 72 
186 343 552 72 
187 552 553 72 
188 74 75 73 
189 75 76 73 
190 76 489 73 
191 74 78 75 
192 74 79 78 
193 74 553 79 
194 75 77 76 
195 75 576 77 
196 78 576 75 
197 77 459 76 
198 459 460 76 
199 460 489 76 
200 77 471 459 
201 77 472 471 
202 77 576 472 
203 79 81 78 
204 81 83 78 
205 83 576 78 
206 79 82 81 
207 79 84 82 
208 79 553 84 
209 86 583 80 
210 80 691 483 
211 583 691 80 
212 82 485 81 
213 81 92 83 
214 81 485 92 
215 84 85 82 
216 85 87 82 
217 87 485 82 
218 92 93 83 
219 93 630 83 
220 83 630 576 
221 84 574 85 
222 84 553 552 
223 552 574 84 
224 85 88 87 
225 85 91 88 
226 85 574 91 
227 114 120 86 
228 120 121 86 
229 121 583 86 
230 88 89 87 
231 89 370 87 
232 370 485 87 
233 88 90 89 
234 88 577 90 
235 91 577 88 
236 90 97 89 
237 97 598 89 
238 89 598 370 
239 90 98 97 
240 90 115 98 
241 90 577 115 
242 551 577 91 
243 91 655 551 
244 574 655 91 
245 92 94 93 
246 92 513 94 
247 485 513 92 
248 94 95 93 
249 95 261 93 
250 261 630 93 
251 94 96 95 
252 94 254 96 
253 94 513 254 
254 96 100 95 
255 100 565 95 
256 95 565 261 
257 96 101 100 
258 96 580 101 
259 254 580 96 
260 98 99 97 
261 99 295 97 
262 295 598 97 
263 98 563 99 
264 115 116 98 
265 116 563 98 
266 99 296 295 
267 99 324 296 
268 99 563 324 
269 101 102 100 
270 102 112 100 
271 112 565 100 
272 101 103 102 
273 101 113 103 
274 101 580 113 
275 103 104 102 
276 104 568 102 
277 102 568 112 
278 103 105 104 
279 103 486 105 
280 113 486 103 
281 105 106 104 
282 106 253 104 
283 253 568 104 
284 105 107 106 
285 105 108 107 
286 105 486 108 
287 107 579 106 
288 106 350 253 
289 106 579 350 
290 108 109 107 
291 109 111 107 
292 111 579 107 
293 108 110 109 
294 108 326 110 
295 108 486 326 
296 110 639 109 
297 109 129 111 
298 109 639 129 
299 326 327 110 
300 327 399 110 
301 399 639 110 
302 129 130 111 
303 130 241 111 
304 241 579 111 
305 112 667 565 
306 568 622 112 
307 622 667 112 
308 113 487 486 
309 113 635 487 
310 580 635 113 
311 114 690 120 
312 449 450 114 
313 450 690 114 
314 115 117 116 
315 115 550 117 
316 115 577 550 
317 117 118 116 
318 118 119 116 
319 119 563 116 
320 117 251 118 
321 117 252 251 
322 117 550 252 
323 118 147 119 
324 118 533 147 
325 251 533 118 
326 147 167 119 
327 167 462 119 
328 462 563 119 
329 120 122 121 
330 120 123 122 
331 120 690 123 
332 122 571 121 
333 571 705 121 
334 121 705 583 
335 123 124 122 
336 124 125 122 
337 125 571 122 
338 123 127 124 
339 123 128 127 
340 123 417 128 
341 123 690 417 
342 124 126 125 
343 124 431 126 
344 127 431 124 
345 126 185 125 
346 185 240 125 
347 240 571 125 
348 126 186 185 
349 126 605 186 
350 431 605 126 
351 128 133 127 
352 133 280 127 
353 280 431 127 
354 128 176 133 
355 128 619 176 
356 417 619 128 
357 129 131 130 
358 129 286 131 
359 129 639 286 
360 131 132 130 
361 132 426 130 
362 130 426 241 
363 131 134 132 
364 131 710 134 
365 286 710 131 
366 134 135 132 
367 135 215 132 
368 215 426 132 
369 176 177 133 
370 177 178 133 
371 178 280 133 
372 134 136 135 
373 134 440 136 
374 134 710 440 
375 136 137 135 
376 137 474 135 
377 135 474 215 
378 136 138 137 
379 136 160 138 
380 136 440 160 
381 138 139 137 
382 139 166 137 
383 166 474 137 
384 138 140 139 
385 138 407 140 
386 160 407 138 
387 140 141 139 
388 141 585 139 
389 139 585 166 
390 140 142 141 
391 140 473 142 
392 407 473 140 
393 142 143 141 
394 143 212 141 
395 212 585 141 
396 142 144 143 
397 142 145 144 
398 142 473 145 
399 144 515 143 
400 143 257 212 
401 143 515 257 
402 145 146 144 
403 146 148 144 
404 148 515 144 
405 145 597 146 
406 473 615 145 
407 145 615 597 
408 146 149 148 
409 146 163 149 
410 146 597 163 
411 147 168 167 
412 147 544 168 
413 533 544 147 
414 149 150 148 
415 150 519 148 
416 148 519 515 
417 149 151 150 
418 149 518 151 
419 163 518 149 
420 151 152 150 
421 152 174 150 
422 174 519 150 
423 151 153 152 
424 151 236 153 
425 151 518 236 
426 153 154 152 
427 154 681 152 
428 152 681 174 
429 153 155 154 
430 153 528 155 
431 236 528 153 
432 155 156 154 
433 156 706 154 
434 154 706 681 
435 155 157 156 
436 155 159 157 
437 155 528 159 
438 157 158 156 
439 158 198 156 
440 198 706 156 
441 157 161 158 
442 159 530 157 
443 157 530 161 
444 161 162 158 
445 162 641 158 
446 158 641 198 
447 159 528 475 
448 475 692 159 
449 159 692 530 
450 160 673 407 
451 440 668 160 
452 668 673 160 
453 161 164 162 
454 161 455 164 
455 161 530 455 
456 164 165 162 
457 165 600 162 
458 600 641 162 
459 163 631 518 
460 597 614 163 
461 614 631 163 
462 164 171 165 
463 164 173 171 
464 164 455 173 
465 171 172 165 
466 172 238 165 
467 238 600 165 
468 166 546 474 
469 166 693 546 
470 585 693 166 
471 168 169 167 
472 169 532 167 
473 167 532 462 
474 168 170 169 
475 168 175 170 
476 168 544 175 
477 170 189 169 
478 189 203 169 
479 203 532 169 
480 175 181 170 
481 181 536 170 
482 170 536 189 
483 171 179 172 
484 173 478 171 
485 171 478 179 
486 179 180 172 
487 180 572 172 
488 172 572 238 
489 173 455 419 
490 419 477 173 
491 477 478 173 
492 174 627 519 
493 581 627 174 
494 174 681 581 
495 175 182 181 
496 175 602 182 
497 544 602 175 
498 176 190 177 
499 176 256 190 
500 176 619 256 
501 177 575 178 
502 190 191 177 
503 191 575 177 
504 178 281 280 
505 178 596 281 
506 575 596 178 
507 179 192 180 
508 179 484 192 
509 478 484 179 
510 192 193 180 
511 193 194 180 
512 194 572 180 
513 182 183 181 
514 183 378 181 
515 378 536 181 
516 182 184 183 
517 182 230 184 
518 182 602 230 
519 184 196 183 
520 196 207 183 
521 207 378 183 
522 184 197 196 
523 184 526 197 
524 230 526 184 
525 186 187 185 
526 187 570 185 
527 185 570 240 
528 186 188 187 
529 186 220 188 
530 186 605 220 
531 188 195 187 
532 195 226 187 
533 226 570 187 
534 188 564 195 
535 220 245 188 
536 245 564 188 
537 189 204 203 
538 189 537 204 
539 536 537 189 
540 190 202 191 
541 190 569 202 
542 256 569 190 
543 202 219 191 
544 219 242 191 
545 242 575 191 
546 192 199 193 
547 192 200 199 
548 192 484 200 
549 193 636 194 
550 199 201 193 
551 201 636 193 
552 194 649 572 
553 194 636 599 
554 599 649 194 
555 195 227 226 
556 195 335 227 
557 195 564 335 
558 197 213 196 
559 196 542 207 
560 213 542 196 
561 197 214 213 
562 197 221 214 
563 197 526 221 
564 447 448 198 
565 198 594 447 
566 448 706 198 
567 198 641 594 
568 200 534 199 
569 199 205 201 
570 199 534 205 
571 200 484 481 
572 481 660 200 
573 200 660 534 
574 205 206 201 
575 206 482 201 
576 482 636 201 
577 202 228 219 
578 202 229 228 
579 202 569 229 
580 204 216 203 
581 216 278 203 
582 278 532 203 
583 204 217 216 
584 204 223 217 
585 204 537 223 
586 205 208 206 
587 205 239 208 
588 205 534 239 
589 208 209 206 
590 209 218 206 
591 218 482 206 
592 207 650 378 
593 446 650 207 
594 207 700 446 
595 542 700 207 
596 208 210 209 
597 208 535 210 
598 239 535 208 
599 210 211 209 
600 211 545 209 
601 209 545 218 
602 210 247 211 
603 210 260 247 
604 210 535 260 
605 247 248 211 
606 248 249 211 
607 249 545 211 
608 257 322 212 
609 322 607 212 
610 212 607 585 
611 214 235 213 
612 235 237 213 
613 237 542 213 
614 221 222 214 
615 222 527 214 
616 214 527 235 
617 215 651 426 
618 434 436 215 
619 215 474 434 
620 436 651 215 
621 217 529 216 
622 216 279 278 
623 216 529 279 
624 223 224 217 
625 224 225 217 
626 225 529 217 
627 218 679 482 
628 545 665 218 
629 218 665 559 
630 559 679 218 
631 228 662 219 
632 219 243 242 
633 219 662 243 
634 220 246 245 
635 220 595 246 
636 220 605 595 
637 221 313 222 
638 221 332 313 
639 221 526 332 
640 313 314 222 
641 314 315 222 
642 315 527 222 
643 223 231 224 
644 223 541 231 
645 537 541 223 
646 224 531 225 
647 231 258 224 
648 258 531 224 
649 225 652 529 
650 531 637 225 
651 637 652 225 
652 227 255 226 
653 255 560 226 
654 560 570 226 
655 227 266 255 
656 227 689 266 
657 335 689 227 
658 229 232 228 
659 232 234 228 
660 234 662 228 
661 229 233 232 
662 229 337 233 
663 229 569 337 
664 230 696 526 
665 602 620 230 
666 620 696 230 
667 231 276 258 
668 231 289 276 
669 231 541 289 
670 233 267 232 
671 232 562 234 
672 267 562 232 
673 233 268 267 
674 233 284 268 
675 233 337 284 
676 452 516 234 
677 234 562 452 
678 516 517 234 
679 517 662 234 
680 235 271 237 
681 235 272 271 
682 235 527 272 
683 444 528 236 
684 236 672 444 
685 518 672 236 
686 271 273 237 
687 273 341 237 
688 341 542 237 
689 238 572 511 
690 511 701 238 
691 238 701 600 
692 534 587 239 
693 239 699 535 
694 587 699 239 
695 570 604 240 
696 240 654 571 
697 604 654 240 
698 426 609 241 
699 241 606 579 
700 241 609 606 
701 243 244 242 
702 244 561 242 
703 561 575 242 
704 243 259 244 
705 243 656 259 
706 517 656 243 
707 243 662 517 
708 259 262 244 
709 262 263 244 
710 263 561 244 
711 246 264 245 
712 264 277 245 
713 277 564 245 
714 246 265 264 
715 246 557 265 
716 246 595 557 
717 247 547 248 
718 260 291 247 
719 291 547 247 
720 248 250 249 
721 248 274 250 
722 248 547 274 
723 250 303 249 
724 303 334 249 
725 334 545 249 
726 274 275 250 
727 275 521 250 
728 250 521 303 
729 252 287 251 
730 287 307 251 
731 307 533 251 
732 252 288 287 
733 252 348 288 
734 252 550 348 
735 350 351 253 
736 351 586 253 
737 253 586 568 
738 513 666 254 
739 254 697 580 
740 666 697 254 
741 266 292 255 
742 292 294 255 
743 294 560 255 
744 256 588 569 
745 256 618 588 
746 256 619 618 
747 257 323 322 
748 257 408 323 
749 257 515 408 
750 276 300 258 
751 300 301 258 
752 301 531 258 
753 259 310 262 
754 259 311 310 
755 259 656 311 
756 260 302 291 
757 260 333 302 
758 260 535 333 
759 261 565 441 
760 441 640 261 
761 261 640 630 
762 262 269 263 
763 262 543 269 
764 310 543 262 
765 269 270 263 
766 270 346 263 
767 346 561 263 
768 265 282 264 
769 264 558 277 
770 282 558 264 
771 265 283 282 
772 265 306 283 
773 265 557 306 
774 266 548 292 
775 266 613 548 
776 266 689 613 
777 268 308 267 
778 308 453 267 
779 453 562 267 
780 284 514 268 
781 268 309 308 
782 268 514 309 
783 269 312 270 
784 269 331 312 
785 269 543 331 
786 312 509 270 
787 270 430 346 
788 270 509 430 
789 272 299 271 
790 271 540 273 
791 299 540 271 
792 272 385 299 
793 272 593 385 
794 527 593 272 
795 273 645 341 
796 273 540 463 
797 463 645 273 
798 274 285 275 
799 274 325 285 
800 274 547 325 
801 285 293 275 
802 293 421 275 
803 421 521 275 
804 289 290 276 
805 290 538 276 
806 276 538 300 
807 277 558 470 
808 470 657 277 
809 277 657 564 
810 279 406 278 
811 406 584 278 
812 278 584 532 
813 279 456 406 
814 279 476 456 
815 279 529 476 
816 281 375 280 
817 375 431 280 
818 281 443 375 
819 281 633 443 
820 596 633 281 
821 283 364 282 
822 364 383 282 
823 383 558 282 
824 306 339 283 
825 339 682 283 
826 283 682 364 
827 337 338 284 
828 338 388 284 
829 388 514 284 
830 285 398 293 
831 325 503 285 
832 285 503 398 
833 286 623 440 
834 440 710 286 
835 286 639 623 
836 288 549 287 
837 287 321 307 
838 287 549 321 
839 348 349 288 
840 349 380 288 
841 380 549 288 
842 289 304 290 
843 289 377 304 
844 289 541 377 
845 304 305 290 
846 305 411 290 
847 411 538 290 
848 302 410 291 
849 410 578 291 
850 291 578 547 
851 292 329 294 
852 292 330 329 
853 292 548 330 
854 398 439 293 
855 293 522 421 
856 439 522 293 
857 329 365 294 
858 365 366 294 
859 366 560 294 
860 296 297 295 
861 297 416 295 
862 416 598 295 
863 296 298 297 
864 296 626 298 
865 324 626 296 
866 298 340 297 
867 340 512 297 
868 297 512 416 
869 298 573 340 
870 298 669 573 
871 626 669 298 
872 385 419 299 
873 419 420 299 
874 420 540 299 
875 300 347 301 
876 300 415 347 
877 300 538 415 
878 347 368 301 
879 368 369 301 
880 369 531 301 
881 333 384 302 
882 384 495 302 
883 302 495 410 
884 303 465 334 
885 303 466 465 
886 303 521 466 
887 304 539 305 
888 377 446 304 
889 446 539 304 
890 305 413 411 
891 305 414 413 
892 305 539 414 
893 306 694 339 
894 557 659 306 
895 659 694 306 
896 321 393 307 
897 393 396 307 
898 396 533 307 
899 309 376 308 
900 376 379 308 
901 379 453 308 
902 309 386 376 
903 309 387 386 
904 309 514 387 
905 311 328 310 
906 328 447 310 
907 447 543 310 
908 311 469 328 
909 311 590 469 
910 311 656 590 
911 331 427 312 
912 427 435 312 
913 435 509 312 
914 313 524 314 
915 332 395 313 
916 395 524 313 
917 314 316 315 
918 314 318 316 
919 314 524 318 
920 316 317 315 
921 317 593 315 
922 315 593 527 
923 316 480 317 
924 318 319 316 
925 319 480 316 
926 317 480 479 
927 479 653 317 
928 317 653 593 
929 318 320 319 
930 318 397 320 
931 318 524 397 
932 320 336 319 
933 336 418 319 
934 418 480 319 
935 320 382 336 
936 320 422 382 
937 397 422 320 
938 321 394 393 
939 321 458 394 
940 321 549 458 
941 323 452 322 
942 452 453 322 
943 453 607 322 
944 408 409 323 
945 409 516 323 
946 323 516 452 
947 324 563 462 
948 462 584 324 
949 584 626 324 
950 325 504 503 
951 325 578 504 
952 547 578 325 
953 326 612 327 
954 486 487 326 
955 487 612 326 
956 327 400 399 
957 327 402 400 
958 327 612 402 
959 328 448 447 
960 328 581 448 
961 469 581 328 
962 330 629 329 
963 329 464 365 
964 329 629 464 
965 508 629 330 
966 330 698 508 
967 330 548 522 
968 522 698 330 
969 331 428 427 
970 331 594 428 
971 543 594 331 
972 332 608 395 
973 526 696 332 
974 332 696 608 
975 333 646 384 
976 535 699 333 
977 333 699 646 
978 465 470 334 
979 470 665 334 
980 334 665 545 
981 465 466 335 
982 335 657 465 
983 466 689 335 
984 564 657 335 
985 382 445 336 
986 336 587 418 
987 445 587 336 
988 337 588 338 
989 569 588 337 
990 338 687 388 
991 338 467 451 
992 451 687 338 
993 338 588 467 
994 339 509 435 
995 435 510 339 
996 339 694 509 
997 510 682 339 
998 340 612 487 
999 487 635 340 
1000 340 635 512 
1001 573 612 340 
1002 341 539 446 
1003 446 700 341 
1004 341 645 539 
1005 341 700 542 
1006 342 344 343 
1007 342 567 344 
1008 566 567 342 
1009 344 345 343 
1010 345 424 343 
1011 424 552 343 
1012 344 423 345 
1013 344 433 423 
1014 344 567 433 
1015 423 610 345 
1016 345 688 424 
1017 610 688 345 
1018 430 633 346 
1019 346 596 561 
1020 346 633 596 
1021 347 647 368 
1022 415 615 347 
1023 615 647 347 
1024 348 392 349 
1025 348 551 392 
1026 550 551 348 
1027 349 381 380 
1028 349 610 381 
1029 392 610 349 
1030 350 352 351 
1031 350 606 352 
1032 579 606 350 
1033 352 353 351 
1034 353 354 351 
1035 354 586 351 
1036 352 357 353 
1037 352 371 357 
1038 352 606 371 
1039 353 355 354 
1040 353 556 355 
1041 357 556 353 
1042 355 356 354 
1043 356 523 354 
1044 523 586 354 
1045 355 358 356 
1046 355 389 358 
1047 355 556 389 
1048 358 359 356 
1049 359 360 356 
1050 360 523 356 
1051 371 372 357 
1052 372 554 357 
1053 554 556 357 
1054 358 506 359 
1055 389 438 358 
1056 438 506 358 
1057 359 361 360 
1058 359 363 361 
1059 359 506 363 
1060 361 362 360 
1061 362 432 360 
1062 432 523 360 
1063 361 520 362 
1064 363 390 361 
1065 390 520 361 
1066 362 441 432 
1067 362 442 441 
1068 362 520 442 
1069 363 611 390 
1070 506 677 363 
1071 363 677 611 
1072 364 404 383 
1073 364 599 404 
1074 364 682 599 
1075 365 367 366 
1076 365 624 367 
1077 464 624 365 
1078 367 391 366 
1079 391 604 366 
1080 366 604 560 
1081 367 412 391 
1082 367 429 412 
1083 367 624 429 
1084 368 437 369 
1085 368 673 437 
1086 647 673 368 
1087 437 457 369 
1088 457 637 369 
1089 369 637 531 
1090 370 513 485 
1091 370 666 513 
1092 598 666 370 
1093 371 373 372 
1094 371 609 373 
1095 606 609 371 
1096 373 374 372 
1097 374 403 372 
1098 403 554 372 
1099 373 704 374 
1100 609 651 373 
1101 651 704 373 
1102 374 555 403 
1103 525 555 374 
1104 374 704 525 
1105 375 605 431 
1106 443 595 375 
1107 595 605 375 
1108 376 546 379 
1109 386 434 376 
1110 434 546 376 
1111 377 650 446 
1112 541 603 377 
1113 603 650 377 
1114 378 603 536 
1115 378 650 603 
1116 379 607 453 
1117 546 693 379 
1118 379 693 607 
1119 381 644 380 
1120 380 617 549 
1121 380 644 617 
1122 381 610 423 
1123 423 634 381 
1124 634 644 381 
1125 422 621 382 
1126 382 646 445 
1127 621 646 382 
1128 404 679 383 
1129 383 559 558 
1130 383 679 559 
1131 384 661 495 
1132 384 646 621 
1133 621 661 384 
1134 385 477 419 
1135 385 653 477 
1136 593 653 385 
1137 387 525 386 
1138 386 436 434 
1139 386 525 436 
1140 514 628 387 
1141 387 555 525 
1142 387 628 555 
1143 388 628 514 
1144 388 632 628 
1145 388 687 632 
1146 389 468 438 
1147 389 591 468 
1148 556 591 389 
1149 497 592 390 
1150 390 611 497 
1151 390 592 520 
1152 412 425 391 
1153 425 654 391 
1154 391 654 604 
1155 551 655 392 
1156 392 688 610 
1157 655 688 392 
1158 394 454 393 
1159 393 620 396 
1160 454 620 393 
1161 394 608 454 
1162 458 488 394 
1163 488 608 394 
1164 395 616 524 
1165 608 685 395 
1166 395 685 616 
1167 396 544 533 
1168 396 602 544 
1169 396 620 602 
1170 397 493 422 
1171 397 616 493 
1172 524 616 397 
1173 398 670 439 
1174 503 671 398 
1175 398 671 670 
1176 400 401 399 
1177 401 623 399 
1178 623 639 399 
1179 400 405 401 
1180 402 680 400 
1181 400 680 405 
1182 405 457 401 
1183 457 461 401 
1184 461 623 401 
1185 402 573 456 
1186 456 680 402 
1187 402 612 573 
1188 403 555 492 
1189 492 674 403 
1190 403 674 554 
1191 404 636 482 
1192 482 679 404 
1193 599 636 404 
1194 405 637 457 
1195 476 652 405 
1196 405 680 476 
1197 405 652 637 
1198 456 669 406 
1199 406 626 584 
1200 406 669 626 
1201 407 647 473 
1202 407 673 647 
1203 408 627 409 
1204 515 519 408 
1205 519 627 408 
1206 469 590 409 
1207 409 627 469 
1208 409 590 516 
1209 495 643 410 
1210 410 695 578 
1211 643 695 410 
1212 413 631 411 
1213 411 614 538 
1214 411 631 614 
1215 412 582 425 
1216 429 501 412 
1217 501 582 412 
1218 414 444 413 
1219 444 672 413 
1220 413 672 631 
1221 414 463 444 
1222 414 645 463 
1223 539 645 414 
1224 538 614 415 
1225 415 614 597 
1226 597 615 415 
1227 512 697 416 
1228 416 666 598 
1229 416 697 666 
1230 450 618 417 
1231 417 690 450 
1232 618 619 417 
1233 418 481 480 
1234 418 660 481 
1235 587 660 418 
1236 419 678 420 
1237 455 678 419 
1238 420 648 540 
1239 420 692 648 
1240 678 692 420 
1241 421 613 521 
1242 522 548 421 
1243 548 613 421 
1244 493 703 422 
1245 422 703 621 
1246 433 642 423 
1247 423 642 634 
1248 424 574 552 
1249 424 655 574 
1250 424 688 655 
1251 582 583 425 
1252 583 705 425 
1253 425 705 654 
1254 426 651 609 
1255 428 600 427 
1256 427 701 435 
1257 600 701 427 
1258 594 641 428 
1259 428 641 600 
1260 429 663 501 
1261 624 663 429 
1262 509 694 430 
1263 430 659 633 
1264 430 694 659 
1265 441 667 432 
1266 432 622 523 
1267 432 667 622 
1268 567 638 433 
1269 474 546 434 
1270 435 511 510 
1271 435 701 511 
1272 525 704 436 
1273 436 704 651 
1274 437 461 457 
1275 437 668 461 
1276 437 673 668 
1277 468 505 438 
1278 505 506 438 
1279 439 698 522 
1280 664 698 439 
1281 440 623 461 
1282 461 668 440 
1283 442 640 441 
1284 565 667 441 
1285 520 625 442 
1286 625 675 442 
1287 442 675 640 
1288 557 595 443 
1289 443 659 557 
1290 633 659 443 
1291 463 475 444 
1292 475 528 444 
1293 445 699 587 
1294 646 699 445 
1295 447 594 543 
1296 581 681 448 
1297 681 706 448 
1298 449 451 450 
1299 451 467 450 
1300 467 618 450 
1301 676 687 451 
1302 452 562 453 
1303 608 696 454 
1304 454 696 620 
1305 530 678 455 
1306 476 680 456 
1307 573 669 456 
1308 549 617 458 
1309 459 658 460 
1310 460 589 489 
1311 460 601 589 
1312 460 658 601 
1313 532 584 462 
1314 463 648 475 
1315 540 648 463 
1316 464 629 491 
1317 465 657 470 
1318 521 613 466 
1319 613 689 466 
1320 588 618 467 
1321 468 707 505 
1322 469 627 581 
1323 558 559 470 
1324 559 665 470 
1325 472 675 471 
1326 471 675 625 
1327 576 630 472 
1328 630 640 472 
1329 640 675 472 
1330 473 647 615 
1331 648 692 475 
1332 529 652 476 
1333 477 479 478 
1334 477 653 479 
1335 479 708 478 
1336 478 708 484 
1337 480 481 479 
1338 481 708 479 
1339 484 708 481 
1340 488 685 608 
1341 684 685 488 
1342 508 664 490 
1343 495 661 494 
1344 499 671 502 
1345 670 671 499 
1346 611 677 500 
1347 671 686 502 
1348 504 686 503 
1349 503 686 671 
1350 578 695 504 
1351 507 695 643 
1352 508 698 664 
1353 511 649 510 
1354 510 649 599 
1355 599 682 510 
1356 572 649 511 
1357 635 697 512 
1358 516 590 517 
1359 590 656 517 
1360 631 672 518 
1361 592 625 520 
1362 523 622 586 
1363 530 692 678 
1364 534 660 587 
1365 536 603 537 
1366 537 603 541 
1367 550 577 551 
1368 554 591 556 
1369 554 674 591 
1370 560 604 570 
1371 561 596 575 
1372 586 622 568 
1373 654 705 571 
1374 580 697 635 
1375 582 691 583 
1376 607 693 585 
1377 616 685 684 
1378 621 703 661 
1379 632 687 676 
1380 634 702 644 
2 2 2 914
1381 3 40 717 
1382 40 3 1098 
1383 3 717 970 
1384 3 970 1066 
1385 3 1066 1098 
1386 4 25 1009 
1387 25 4 1137 
1388 4 1009 1011 
1389 4 1011 1149 
1390 4 1120 1137 
1391 1120 4 1149 
1392 25 26 720 
1393 26 25 1133 
1394 25 712 1133 
1395 712 25 1137 
1396 25 720 1009 
1397 26 27 1005 
1398 27 26 1145 
1399 720 26 1005 
1400 26 1133 1145 
1401 28 27 715 
1402 27 28 722 
1403 715 27 1145 
1404 27 722 1005 
1405 29 28 1012 
1406 28 29 1015 
1407 28 715 1012 
1408 722 28 1015 
1409 29 30 719 
1410 30 29 724 
1411 29 719 1015 
1412 724 29 1012 
1413 31 30 1004 
1414 30 31 1087 
1415 719 30 1087 
1416 30 724 1004 
1417 32 31 716 
1418 31 32 997 
1419 716 31 1004 
1420 31 997 1087 
1421 32 33 711 
1422 33 32 1121 
1423 32 711 997 
1424 32 716 1121 
1425 34 33 1003 
1426 33 34 1073 
1427 711 33 1073 
1428 1003 33 1121 
1429 35 34 718 
1430 34 35 1140 
1431 718 34 1003 
1432 1073 34 1140 
1433 35 36 721 
1434 36 35 1064 
1435 35 718 1064 
1436 35 721 1140 
1437 36 37 995 
1438 37 36 1114 
1439 721 36 995 
1440 36 1064 1114 
1441 38 37 714 
1442 37 38 723 
1443 714 37 1114 
1444 37 723 995 
1445 38 39 726 
1446 39 38 1016 
1447 38 714 1016 
1448 723 38 726 
1449 39 40 713 
1450 40 39 990 
1451 39 713 726 
1452 990 39 1016 
1453 713 40 1098 
1454 717 40 990 
1455 711 948 997 
1456 948 711 998 
1457 998 711 1148 
1458 711 1073 1148 
1459 725 712 996 
1460 712 725 1133 
1461 996 712 1116 
1462 712 1065 1116 
1463 1065 712 1137 
1464 726 713 957 
1465 957 713 967 
1466 967 713 1098 
1467 963 714 965 
1468 714 963 989 
1469 965 714 1114 
1470 714 989 1016 
1471 1012 715 1013 
1472 1013 715 1014 
1473 1014 715 1145 
1474 959 716 1004 
1475 716 959 1092 
1476 962 716 1092 
1477 716 962 1121 
1478 970 717 971 
1479 971 717 972 
1480 972 717 1134 
1481 717 990 1134 
1482 966 718 1061 
1483 718 966 1064 
1484 718 1003 1061 
1485 719 978 1015 
1486 978 719 1138 
1487 719 1087 1138 
1488 720 1005 1006 
1489 720 1006 1007 
1490 720 1007 1009 
1491 721 995 1069 
1492 721 1069 1147 
1493 1140 721 1147 
1494 1005 722 1017 
1495 722 1015 1117 
1496 1017 722 1117 
1497 723 726 727 
1498 723 727 728 
1499 723 728 995 
1500 1004 724 1130 
1501 724 1012 1071 
1502 724 1071 1130 
1503 725 996 1014 
1504 725 1014 1145 
1505 1133 725 1145 
1506 727 726 957 
1507 728 727 729 
1508 729 727 730 
1509 730 727 957 
1510 728 729 1123 
1511 995 728 1069 
1512 1069 728 1123 
1513 729 730 731 
1514 729 731 732 
1515 729 732 1123 
1516 731 730 979 
1517 730 957 1021 
1518 979 730 1021 
1519 732 731 733 
1520 733 731 734 
1521 734 731 979 
1522 732 733 1019 
1523 732 1019 1068 
1524 732 1068 1123 
1525 733 734 735 
1526 733 735 736 
1527 733 736 1019 
1528 735 734 1110 
1529 734 979 1091 
1530 734 1091 1110 
1531 736 735 737 
1532 737 735 747 
1533 747 735 1110 
1534 736 737 738 
1535 736 738 749 
1536 736 749 1019 
1537 738 737 739 
1538 739 737 1026 
1539 737 747 1026 
1540 738 739 740 
1541 738 740 1077 
1542 749 738 1077 
1543 740 739 741 
1544 741 739 757 
1545 757 739 1026 
1546 740 741 742 
1547 740 742 1027 
1548 740 1027 1077 
1549 742 741 743 
1550 743 741 988 
1551 741 757 988 
1552 742 743 744 
1553 742 744 756 
1554 742 756 1027 
1555 744 743 745 
1556 745 743 746 
1557 746 743 988 
1558 744 745 1040 
1559 756 744 758 
1560 758 744 1040 
1561 745 746 748 
1562 745 748 750 
1563 745 750 1040 
1564 748 746 1058 
1565 746 988 993 
1566 746 993 1058 
1567 1026 747 1096 
1568 747 1044 1096 
1569 1044 747 1110 
1570 750 748 751 
1571 751 748 752 
1572 752 748 1058 
1573 749 1000 1019 
1574 1000 749 1108 
1575 749 1077 1108 
1576 750 751 813 
1577 750 813 1089 
1578 1040 750 1089 
1579 751 752 753 
1580 751 753 1018 
1581 813 751 1018 
1582 753 752 754 
1583 754 752 759 
1584 759 752 1058 
1585 753 754 755 
1586 753 755 762 
1587 753 762 1018 
1588 755 754 1057 
1589 754 759 760 
1590 754 760 1057 
1591 762 755 763 
1592 763 755 764 
1593 764 755 1057 
1594 756 758 814 
1595 756 814 815 
1596 756 815 1027 
1597 942 757 1026 
1598 757 942 1127 
1599 988 757 1127 
1600 814 758 818 
1601 818 758 921 
1602 921 758 1040 
1603 760 759 761 
1604 761 759 924 
1605 924 759 1058 
1606 760 761 817 
1607 760 817 1074 
1608 1057 760 1074 
1609 817 761 947 
1610 761 924 1093 
1611 947 761 1093 
1612 762 763 1105 
1613 1018 762 1099 
1614 1099 762 1105 
1615 763 764 765 
1616 763 765 807 
1617 763 807 1105 
1618 765 764 766 
1619 766 764 826 
1620 826 764 1057 
1621 765 766 767 
1622 765 767 1075 
1623 807 765 1075 
1624 767 766 768 
1625 768 766 983 
1626 766 826 983 
1627 767 768 769 
1628 767 769 796 
1629 767 796 1075 
1630 769 768 770 
1631 770 768 772 
1632 772 768 983 
1633 769 770 1135 
1634 796 769 912 
1635 912 769 1135 
1636 770 772 773 
1637 770 773 1062 
1638 770 1062 1135 
1639 912 771 919 
1640 771 912 1135 
1641 919 771 986 
1642 986 771 1106 
1643 771 1062 1106 
1644 1062 771 1135 
1645 773 772 774 
1646 774 772 804 
1647 804 772 983 
1648 773 774 775 
1649 773 775 776 
1650 773 776 1062 
1651 775 774 1059 
1652 774 804 822 
1653 774 822 1059 
1654 776 775 777 
1655 777 775 778 
1656 778 775 1059 
1657 776 777 803 
1658 776 803 830 
1659 776 830 1062 
1660 777 778 779 
1661 777 779 1051 
1662 803 777 1051 
1663 779 778 780 
1664 780 778 1039 
1665 1039 778 1059 
1666 779 780 781 
1667 779 781 782 
1668 779 782 1051 
1669 781 780 783 
1670 783 780 785 
1671 785 780 1039 
1672 782 781 784 
1673 781 783 1052 
1674 784 781 1052 
1675 782 784 859 
1676 782 859 936 
1677 782 936 1051 
1678 783 785 786 
1679 783 786 1037 
1680 783 1037 1052 
1681 859 784 920 
1682 920 784 951 
1683 951 784 1052 
1684 786 785 787 
1685 787 785 1038 
1686 1038 785 1039 
1687 786 787 788 
1688 786 788 789 
1689 786 789 1037 
1690 788 787 791 
1691 791 787 799 
1692 799 787 1038 
1693 789 788 790 
1694 790 788 1043 
1695 788 791 1043 
1696 789 790 792 
1697 789 792 1036 
1698 789 1036 1037 
1699 792 790 793 
1700 793 790 795 
1701 795 790 1043 
1702 791 799 802 
1703 791 802 1045 
1704 1043 791 1045 
1705 792 793 794 
1706 792 794 797 
1707 792 797 1036 
1708 794 793 798 
1709 793 795 1047 
1710 798 793 1047 
1711 797 794 800 
1712 794 798 1097 
1713 800 794 1097 
1714 795 1043 1086 
1715 1047 795 1131 
1716 795 1086 1131 
1717 796 912 953 
1718 796 953 1125 
1719 1075 796 1125 
1720 797 800 801 
1721 797 801 823 
1722 797 823 1036 
1723 798 1022 1024 
1724 1022 798 1136 
1725 798 1024 1097 
1726 798 1047 1136 
1727 802 799 808 
1728 808 799 952 
1729 952 799 1038 
1730 801 800 805 
1731 805 800 806 
1732 806 800 1097 
1733 801 805 1032 
1734 823 801 824 
1735 824 801 1032 
1736 802 808 809 
1737 802 809 810 
1738 802 810 1045 
1739 830 803 831 
1740 831 803 1079 
1741 803 1051 1079 
1742 822 804 925 
1743 925 804 1070 
1744 804 983 1070 
1745 805 806 820 
1746 805 820 821 
1747 805 821 1032 
1748 820 806 1031 
1749 1024 806 1097 
1750 806 1024 1124 
1751 1031 806 1124 
1752 807 1075 1076 
1753 807 1076 1139 
1754 1105 807 1139 
1755 809 808 1122 
1756 808 952 1112 
1757 961 808 1112 
1758 808 961 1122 
1759 810 809 811 
1760 811 809 1101 
1761 1101 809 1122 
1762 810 811 812 
1763 810 812 828 
1764 810 828 1045 
1765 812 811 825 
1766 825 811 827 
1767 827 811 1101 
1768 812 825 1046 
1769 828 812 829 
1770 829 812 1046 
1771 949 813 1008 
1772 813 949 1089 
1773 1008 813 1018 
1774 815 814 816 
1775 816 814 1050 
1776 814 818 1050 
1777 815 816 819 
1778 815 819 933 
1779 815 933 1027 
1780 819 816 948 
1781 948 816 960 
1782 960 816 1050 
1783 817 947 961 
1784 817 961 1107 
1785 1074 817 1107 
1786 818 921 938 
1787 818 938 978 
1788 818 978 1050 
1789 933 819 934 
1790 934 819 998 
1791 819 948 998 
1792 821 820 940 
1793 940 820 970 
1794 970 820 1031 
1795 821 940 1150 
1796 821 987 1118 
1797 987 821 1150 
1798 1032 821 1118 
1799 822 925 1112 
1800 822 952 1082 
1801 952 822 1112 
1802 1059 822 1082 
1803 823 824 1144 
1804 1036 823 1088 
1805 1088 823 1144 
1806 945 824 946 
1807 824 945 1081 
1808 946 824 1032 
1809 824 1081 1144 
1810 825 827 941 
1811 825 941 942 
1812 825 942 1046 
1813 983 826 1070 
1814 826 1057 1074 
1815 1070 826 1074 
1816 941 827 1126 
1817 1093 827 1101 
1818 827 1093 1126 
1819 828 829 926 
1820 828 926 1086 
1821 1045 828 1086 
1822 926 829 927 
1823 927 829 1044 
1824 1044 829 1046 
1825 830 831 832 
1826 830 832 1106 
1827 1062 830 1106 
1828 832 831 833 
1829 833 831 900 
1830 900 831 1079 
1831 832 833 834 
1832 832 834 986 
1833 832 986 1106 
1834 834 833 835 
1835 835 833 980 
1836 833 900 980 
1837 834 835 836 
1838 834 836 1072 
1839 986 834 1072 
1840 836 835 837 
1841 837 835 838 
1842 838 835 980 
1843 836 837 868 
1844 836 868 869 
1845 836 869 1072 
1846 837 838 839 
1847 837 839 1060 
1848 868 837 1060 
1849 839 838 840 
1850 840 838 882 
1851 882 838 980 
1852 839 840 841 
1853 839 841 842 
1854 839 842 1060 
1855 841 840 1054 
1856 840 882 935 
1857 840 935 1054 
1858 842 841 843 
1859 843 841 844 
1860 844 841 1054 
1861 842 843 1063 
1862 1060 842 1084 
1863 842 1063 1084 
1864 843 844 845 
1865 843 845 846 
1866 843 846 1063 
1867 845 844 851 
1868 851 844 867 
1869 867 844 1054 
1870 846 845 847 
1871 847 845 1034 
1872 845 851 1034 
1873 846 847 848 
1874 846 848 1048 
1875 846 1048 1063 
1876 848 847 849 
1877 849 847 1033 
1878 1033 847 1034 
1879 848 849 850 
1880 848 850 854 
1881 848 854 1048 
1882 850 849 852 
1883 852 849 853 
1884 853 849 1033 
1885 850 852 1029 
1886 854 850 855 
1887 855 850 1029 
1888 851 867 875 
1889 851 875 901 
1890 851 901 1034 
1891 852 853 856 
1892 852 856 1094 
1893 1029 852 1094 
1894 856 853 857 
1895 857 853 1035 
1896 853 1033 1035 
1897 854 855 858 
1898 854 858 888 
1899 854 888 1048 
1900 858 855 863 
1901 863 855 1028 
1902 1028 855 1029 
1903 856 857 860 
1904 856 860 862 
1905 856 862 1094 
1906 860 857 861 
1907 861 857 864 
1908 864 857 1035 
1909 858 863 873 
1910 858 873 1090 
1911 888 858 1090 
1912 859 920 1146 
1913 936 859 937 
1914 937 859 1146 
1915 860 861 874 
1916 862 860 1129 
1917 860 874 1129 
1918 861 864 865 
1919 861 865 1041 
1920 874 861 1041 
1921 862 958 991 
1922 958 862 1129 
1923 862 991 992 
1924 862 992 1094 
1925 873 863 884 
1926 884 863 885 
1927 885 863 1028 
1928 865 864 866 
1929 866 864 950 
1930 950 864 1035 
1931 865 866 880 
1932 865 880 887 
1933 865 887 1041 
1934 880 866 1141 
1935 866 950 977 
1936 866 977 1141 
1937 875 867 876 
1938 876 867 1055 
1939 867 1054 1055 
1940 869 868 870 
1941 870 868 911 
1942 911 868 1060 
1943 869 870 871 
1944 869 871 1056 
1945 869 1056 1072 
1946 871 870 872 
1947 872 870 1025 
1948 870 911 1025 
1949 871 872 883 
1950 871 883 902 
1951 871 902 1056 
1952 883 872 889 
1953 889 872 904 
1954 904 872 1025 
1955 873 884 890 
1956 873 890 1142 
1957 873 981 1090 
1958 981 873 1142 
1959 1020 874 1083 
1960 874 1020 1129 
1961 874 1041 1083 
1962 875 876 877 
1963 875 877 1067 
1964 901 875 1067 
1965 877 876 878 
1966 878 876 879 
1967 879 876 1055 
1968 877 878 881 
1969 877 881 905 
1970 877 905 1067 
1971 878 879 886 
1972 881 878 1042 
1973 878 886 1042 
1974 886 879 895 
1975 895 879 1100 
1976 879 1055 1100 
1977 887 880 896 
1978 896 880 897 
1979 897 880 1141 
1980 905 881 906 
1981 906 881 907 
1982 907 881 1042 
1983 935 882 956 
1984 956 882 985 
1985 882 980 985 
1986 883 889 1053 
1987 902 883 903 
1988 903 883 1053 
1989 884 885 891 
1990 890 884 1115 
1991 884 891 1115 
1992 891 885 892 
1993 892 885 893 
1994 893 885 1028 
1995 886 895 898 
1996 886 898 899 
1997 886 899 1042 
1998 887 896 909 
1999 887 909 910 
2000 887 910 1041 
2001 888 982 1049 
2002 982 888 1090 
2003 1048 888 1049 
2004 889 904 943 
2005 889 943 944 
2006 889 944 1053 
2007 968 890 969 
2008 890 968 1142 
2009 969 890 1115 
2010 891 892 1030 
2011 891 1030 1132 
2012 891 1085 1115 
2013 1085 891 1132 
2014 892 893 894 
2015 892 894 914 
2016 892 914 1030 
2017 894 893 1104 
2018 893 1028 1119 
2019 1104 893 1119 
2020 914 894 915 
2021 915 894 916 
2022 916 894 1104 
2023 898 895 994 
2024 956 895 1100 
2025 895 956 1102 
2026 994 895 1102 
2027 896 897 984 
2028 909 896 913 
2029 913 896 984 
2030 974 897 975 
2031 897 974 984 
2032 975 897 976 
2033 976 897 1141 
2034 899 898 945 
2035 945 898 1111 
2036 898 994 1111 
2037 899 945 946 
2038 899 946 1078 
2039 1042 899 1078 
2040 980 900 985 
2041 985 900 1109 
2042 900 1079 1109 
2043 1034 901 1080 
2044 901 1067 1128 
2045 1080 901 1128 
2046 902 903 953 
2047 902 953 1095 
2048 1056 902 1095 
2049 953 903 954 
2050 954 903 955 
2051 955 903 1053 
2052 943 904 981 
2053 981 904 982 
2054 982 904 1025 
2055 905 906 976 
2056 905 976 977 
2057 905 977 1067 
2058 906 907 908 
2059 906 908 975 
2060 906 975 976 
2061 908 907 987 
2062 987 907 1078 
2063 907 1042 1078 
2064 908 973 974 
2065 973 908 1150 
2066 908 974 975 
2067 908 987 1150 
2068 910 909 963 
2069 909 913 989 
2070 963 909 989 
2071 910 963 964 
2072 910 964 1083 
2073 1041 910 1083 
2074 1025 911 1113 
2075 911 1060 1084 
2076 911 1084 1113 
2077 912 919 1095 
2078 953 912 1095 
2079 913 984 1134 
2080 989 913 1143 
2081 913 1134 1143 
2082 914 915 959 
2083 914 959 1130 
2084 1030 914 1130 
2085 915 916 917 
2086 915 917 1092 
2087 959 915 1092 
2088 917 916 918 
2089 918 916 991 
2090 991 916 1104 
2091 917 918 922 
2092 917 922 962 
2093 917 962 1092 
2094 922 918 923 
2095 923 918 958 
2096 958 918 991 
2097 919 986 1072 
2098 1056 919 1072 
2099 919 1056 1095 
2100 920 951 1081 
2101 920 1081 1111 
2102 920 1111 1146 
2103 938 921 949 
2104 949 921 1089 
2105 921 1040 1089 
2106 922 923 1061 
2107 962 922 1003 
2108 1003 922 1061 
2109 923 958 1020 
2110 923 1020 1103 
2111 1061 923 1103 
2112 993 924 1058 
2113 924 993 1126 
2114 1093 924 1126 
2115 961 925 1107 
2116 925 961 1112 
2117 925 1070 1107 
2118 926 927 928 
2119 926 928 1131 
2120 1086 926 1131 
2121 928 927 929 
2122 929 927 939 
2123 939 927 1044 
2124 928 929 930 
2125 928 930 1136 
2126 928 1047 1131 
2127 1047 928 1136 
2128 930 929 931 
2129 931 929 1091 
2130 929 939 1091 
2131 930 931 932 
2132 930 932 1022 
2133 930 1022 1136 
2134 932 931 1021 
2135 931 979 1021 
2136 979 931 1091 
2137 932 967 1023 
2138 967 932 1151 
2139 932 1021 1151 
2140 1022 932 1023 
2141 933 934 1108 
2142 1027 933 1077 
2143 1077 933 1108 
2144 934 998 999 
2145 934 999 1000 
2146 934 1000 1108 
2147 935 956 1100 
2148 1054 935 1055 
2149 1055 935 1100 
2150 936 937 1109 
2151 1051 936 1079 
2152 1079 936 1109 
2153 985 937 1102 
2154 937 985 1109 
2155 937 994 1102 
2156 994 937 1146 
2157 938 949 1017 
2158 978 938 1117 
2159 938 1017 1117 
2160 939 1044 1110 
2161 1091 939 1110 
2162 940 970 973 
2163 940 973 1150 
2164 942 941 1127 
2165 993 941 1126 
2166 941 993 1127 
2167 942 1026 1096 
2168 1046 942 1096 
2169 944 943 968 
2170 968 943 1142 
2171 943 981 1142 
2172 944 968 1116 
2173 1053 944 1065 
2174 1065 944 1116 
2175 1081 945 1111 
2176 946 1032 1118 
2177 1078 946 1118 
2178 961 947 1122 
2179 947 1093 1101 
2180 947 1101 1122 
2181 948 960 997 
2182 1006 949 1008 
2183 949 1006 1017 
2184 977 950 1128 
2185 950 1035 1080 
2186 950 1080 1128 
2187 951 1052 1088 
2188 1081 951 1144 
2189 951 1088 1144 
2190 952 1038 1082 
2191 953 954 1125 
2192 954 955 1120 
2193 954 1076 1125 
2194 1076 954 1149 
2195 954 1120 1149 
2196 955 1053 1065 
2197 955 1065 1137 
2198 1120 955 1137 
2199 956 985 1102 
2200 957 967 1151 
2201 1021 957 1151 
2202 1020 958 1129 
2203 959 1004 1130 
2204 997 960 1087 
2205 960 1050 1138 
2206 1087 960 1138 
2207 962 1003 1121 
2208 964 963 965 
2209 964 965 966 
2210 964 966 1103 
2211 1083 964 1103 
2212 966 965 1064 
2213 1064 965 1114 
2214 966 1061 1103 
2215 1023 967 1098 
2216 968 969 996 
2217 968 996 1116 
2218 996 969 1014 
2219 1014 969 1085 
2220 1085 969 1115 
2221 970 971 973 
2222 970 1031 1066 
2223 971 972 973 
2224 973 972 974 
2225 974 972 984 
2226 984 972 1134 
2227 977 976 1141 
2228 1067 977 1128 
2229 1015 978 1117 
2230 1050 978 1138 
2231 981 982 1090 
2232 982 1025 1113 
2233 1049 982 1113 
2234 987 1078 1118 
2235 993 988 1127 
2236 1016 989 1143 
2237 990 1016 1143 
2238 1134 990 1143 
2239 992 991 1104 
2240 1094 992 1119 
2241 992 1104 1119 
2242 1111 994 1146 
2243 999 998 1148 
2244 1000 999 1001 
2245 1001 999 1002 
2246 1002 999 1148 
2247 1000 1001 1068 
2248 1019 1000 1068 
2249 1001 1002 1147 
2250 1068 1001 1069 
2251 1069 1001 1147 
2252 1002 1073 1140 
2253 1073 1002 1148 
2254 1002 1140 1147 
2255 1006 1005 1017 
2256 1007 1006 1008 
2257 1007 1008 1099 
2258 1009 1007 1010 
2259 1010 1007 1099 
2260 1008 1018 1099 
2261 1009 1010 1011 
2262 1011 1010 1139 
2263 1010 1099 1105 
2264 1010 1105 1139 
2265 1076 1011 1139 
2266 1011 1076 1149 
2267 1012 1013 1071 
2268 1013 1014 1085 
2269 1071 1013 1132 
2270 1013 1085 1132 
2271 1020 1083 1103 
2272 1022 1023 1024 
2273 1024 1023 1124 
2274 1023 1098 1124 
2275 1028 1029 1119 
2276 1029 1094 1119 
2277 1071 1030 1130 
2278 1030 1071 1132 
2279 1066 1031 1124 
2280 1033 1034 1080 
2281 1035 1033 1080 
2282 1037 1036 1088 
2283 1052 1037 1088 
2284 1038 1039 1082 
2285 1039 1059 1082 
2286 1043 1045 1086 
2287 1044 1046 1096 
2288 1048 1049 1063 
2289 1063 1049 1084 
2290 1084 1049 1113 
2291 1098 1066 1124 
2292 1068 1069 1123 
2293 1070 1074 1107 
2294 1076 1075 1125 
3 3 4 3455
2295 260 247 1115 210 
2296 278 216 203 1107 
2297 874 1041 861 185 
2298 770 700 341 446 
2299 411 290 778 777 
2300 189 170 169 1070 
2301 810 812 811 327 
2302 1122 947 406 1101 
2303 875 430 851 901 
2304 857 853 246 1035 
2305 357 554 372 1151 
2306 795 1043 790 710 
2307 327 811 810 402 
2308 258 1082 1038 1039 
2309 210 247 1115 884 
2310 1027 79 815 756 
2311 361 729 732 1123 
2312 951 144 784 920 
2313 430 851 270 875 
2314 659 1034 1080 1033 
2315 867 1055 331 269 
2316 801 693 823 607 
2317 778 290 775 777 
2318 649 846 1063 843 
2319 413 672 1051 631 
2320 192 911 1113 484 
2321 255 294 923 560 
2322 887 124 880 865 
2323 222 902 315 314 
2324 144 951 515 920 
2325 1131 1086 129 926 
2326 204 189 1107 1070 
2327 290 775 276 778 
2328 632 687 971 717 
2329 260 1115 890 210 
2330 74 814 815 756 
2331 847 846 682 845 
2332 484 911 1113 1025 
2333 148 782 146 784 
2334 694 1034 845 509 
2335 538 411 290 778 
2336 442 640 675 749 
2337 792 790 135 793 
2338 78 79 815 1027 
2339 1030 1132 325 547 
2340 66 67 58 960 
2341 192 1113 193 199 
2342 594 935 1055 1054 
2343 490 508 45 1121 
2344 1054 1055 331 867 
2345 300 778 276 1039 
2346 734 432 731 733 
2347 604 1020 366 560 
2348 113 103 486 1096 
2349 850 679 854 559 
2350 247 1115 891 547 
2351 827 669 1093 1101 
2352 793 795 131 1047 
2353 111 1131 928 1047 
2354 276 289 775 290 
2355 307 396 763 533 
2356 964 571 654 705 
2357 1030 285 914 275 
2358 1038 301 785 369 
2359 671 686 503 724 
2360 1132 1030 891 547 
2361 56 8 27 715 
2362 785 787 1038 369 
2363 518 936 782 149 
2364 1051 803 672 413 
2365 182 766 602 175 
2366 285 1030 274 275 
2367 855 854 679 559 
2368 197 213 214 796 
2369 602 766 764 175 
2370 1107 817 278 961 
2371 148 859 782 784 
2372 93 1077 738 740 
2373 91 551 655 1089 
2374 1079 1051 672 518 
2375 655 1040 91 1089 
2376 278 216 1107 961 
2377 1033 246 853 1035 
2378 247 291 1115 547 
2379 892 894 893 521 
2380 326 812 828 327 
2381 839 842 841 238 
2382 857 186 188 860 
2383 432 731 523 734 
2384 766 764 765 602 
2385 8 56 507 715 
2386 657 992 335 465 
2387 936 1051 518 782 
2388 220 853 246 857 
2389 398 670 671 1130 
2390 36 37 19 500 
2391 675 749 472 1108 
2392 951 144 142 1052 
2393 850 854 679 383 
2394 951 142 143 1088 
2395 275 894 892 521 
2396 10 29 28 44 
2397 346 430 875 901 
2398 572 842 511 1063 
2399 765 182 766 602 
2400 1055 262 269 876 
2401 777 778 411 614 
2402 366 1020 923 560 
2403 778 780 300 415 
2404 294 923 918 255 
2405 580 697 254 757 
2406 823 693 797 166 
2407 361 729 360 732 
2408 137 1036 797 166 
2409 585 823 693 607 
2410 29 28 44 1012 
2411 1088 139 141 823 
2412 669 406 1093 1101 
2413 195 226 1129 187 
2414 893 250 892 521 
2415 778 779 780 415 
2416 775 1059 276 778 
2417 114 1143 989 913 
2418 413 1051 777 631 
2419 149 782 146 148 
2420 843 841 701 844 
2421 933 78 815 1027 
2422 1088 142 140 1052 
2423 383 850 848 282 
2424 1093 296 298 1126 
2425 734 622 432 733 
2426 775 1059 289 276 
2427 140 1088 1052 1037 
2428 193 180 1113 192 
2429 688 921 655 1089 
2430 658 62 1002 1148 
2431 210 1115 890 884 
2432 471 675 472 1108 
2433 797 801 693 823 
2434 347 780 300 1039 
2435 735 667 622 733 
2436 75 76 77 933 
2437 860 874 861 185 
2438 1036 139 1088 823 
2439 1036 137 139 166 
2440 1045 1086 828 639 
2441 1087 58 67 960 
2442 1034 659 306 1033 
2443 75 78 815 933 
2444 914 892 1030 275 
2445 1088 140 139 1036 
2446 892 250 275 521 
2447 188 220 186 857 
2448 523 622 432 734 
2449 1051 631 163 779 
2450 385 1056 869 653 
2451 264 265 853 849 
2452 274 1030 892 275 
2453 19 49 36 500 
2454 1063 842 511 843 
2455 861 186 860 185 
2456 785 347 301 1039 
2457 780 347 615 783 
2458 1087 67 566 1138 
2459 570 874 1129 185 
2460 1027 742 79 756 
2461 165 164 837 1060 
2462 131 795 1131 1047 
2463 925 204 216 1107 
2464 853 220 245 856 
2465 782 149 859 148 
2466 346 430 270 875 
2467 28 507 1012 715 
2468 853 220 856 857 
2469 326 828 110 327 
2470 328 310 1100 879 
2471 1077 93 83 740 
2472 145 781 615 783 
2473 163 518 1051 782 
2474 537 189 204 1070 
2475 266 689 991 613 
2476 846 649 510 843 
2477 270 867 263 875 
2478 142 141 143 1088 
2479 731 356 523 354 
2480 779 778 614 415 
2481 597 163 779 782 
2482 755 1057 147 544 
2483 992 657 1119 465 
2484 934 77 76 933 
2485 787 785 368 369 
2486 538 411 778 614 
2487 941 827 298 1126 
2488 1082 258 1038 531 
2489 759 119 116 754 
2490 791 787 788 437 
2491 1040 744 758 574 
2492 805 309 268 820 
2493 74 814 756 553 
2494 926 828 1086 639 
2495 88 89 90 745 
2496 817 532 761 760 
2497 232 1078 562 1118 
2498 1055 543 331 269 
2499 750 91 1040 1089 
2500 146 781 145 784 
2501 272 1056 919 385 
2502 780 347 785 1039 
2503 679 850 383 559 
2504 91 750 551 1089 
2505 1041 126 865 861 
2506 601 658 998 1148 
2507 597 779 781 782 
2508 195 860 188 187 
2509 571 964 910 705 
2510 781 145 1052 783 
2511 1126 1093 296 924 
2512 823 585 212 607 
2513 1052 145 473 783 
2514 1052 951 144 784 
2515 301 368 785 369 
2516 834 678 530 692 
2517 163 518 782 149 
2518 269 867 1055 876 
2519 1038 301 258 1039 
2520 795 790 134 710 
2521 243 878 656 1042 
2522 144 145 1052 784 
2523 1026 254 96 739 
2524 1101 827 669 573 
2525 1131 111 130 1047 
2526 816 489 73 819 
2527 568 112 622 734 
2528 649 572 511 1063 
2529 431 864 865 861 
2530 1113 1049 180 193 
2531 750 745 91 577 
2532 406 456 1122 1101 
2533 129 795 1086 1131 
2534 997 66 58 960 
2535 1079 518 236 936 
2536 631 1051 777 779 
2537 681 448 706 1102 
2538 916 894 421 613 
2539 786 673 788 787 
2540 1093 626 296 924 
2541 1135 700 341 770 
2542 803 1051 777 413 
2543 1026 580 254 757 
2544 1129 187 570 185 
2545 347 780 785 783 
2546 138 1036 789 792 
2547 502 11 29 724 
2548 867 269 270 263 
2549 275 914 894 421 
2550 1084 1049 1063 194 
2551 778 1059 276 1039 
2552 698 508 664 1092 
2553 1080 557 659 1033 
2554 835 836 678 834 
2555 1063 511 649 843 
2556 1119 1094 657 992 
2557 284 388 940 514 
2558 19 37 20 500 
2559 835 678 530 834 
2560 1036 138 137 792 
2561 30 29 11 724 
2562 926 110 828 639 
2563 147 167 1057 754 
2564 536 181 170 983 
2565 778 777 779 614 
2566 1012 44 29 502 
2567 914 915 894 421 
2568 74 78 79 815 
2569 199 192 1113 200 
2570 682 846 847 848 
2571 283 364 848 282 
2572 958 255 923 560 
2573 687 971 970 632 
2574 245 264 853 852 
2575 507 44 28 1012 
2576 612 811 812 327 
2577 554 967 372 1151 
2578 29 11 48 719 
2579 770 772 650 446 
2580 291 1115 969 260 
2581 1132 504 1013 1071 
2582 447 935 1100 1055 
2583 276 538 290 778 
2584 300 780 778 1039 
2585 574 758 921 424 
2586 933 75 76 819 
2587 446 772 650 377 
2588 1028 249 893 303 
2589 266 991 916 613 
2590 518 672 1079 236 
2591 1108 576 77 933 
2592 103 486 1096 1044 
2593 655 392 688 1089 
2594 570 1020 874 240 
2595 70 74 814 815 
2596 282 850 848 849 
2597 143 144 951 515 
2598 88 91 745 577 
2599 867 269 263 876 
2600 558 849 264 852 
2601 246 595 857 1035 
2602 300 538 778 415 
2603 777 631 779 614 
2604 844 867 1054 312 
2605 18 36 49 721 
2606 744 84 758 574 
2607 67 566 498 1087 
2608 334 1029 1028 665 
2609 1148 601 62 1073 
2610 1071 503 686 724 
2611 351 931 979 353 
2612 300 301 347 1039 
2613 855 850 854 559 
2614 615 473 145 783 
2615 998 460 601 589 
2616 765 767 182 230 
2617 557 246 1033 1035 
2618 28 29 10 638 
2619 122 121 910 909 
2620 1093 298 669 827 
2621 473 140 1052 1037 
2622 614 778 538 415 
2623 933 76 934 819 
2624 51 20 37 500 
2625 558 850 1029 559 
2626 265 1033 853 849 
2627 790 134 135 793 
2628 737 96 95 739 
2629 331 1054 867 312 
2630 41 14 15 33 
2631 147 755 118 754 
2632 1074 169 168 826 
2633 508 490 716 1121 
2634 887 122 910 909 
2635 327 612 811 402 
2636 748 115 577 751 
2637 439 698 664 1092 
2638 1002 62 57 1073 
2639 932 357 372 1151 
2640 530 157 980 159 
2641 855 679 854 218 
2642 1135 542 700 770 
2643 504 1132 325 1071 
2644 676 3 40 717 
2645 650 768 378 772 
2646 1077 630 93 738 
2647 1084 180 1049 194 
2648 293 915 914 421 
2649 399 828 810 327 
2650 1033 853 246 265 
2651 827 1093 298 1126 
2652 510 682 846 845 
2653 731 432 360 732 
2654 204 203 216 1107 
2655 876 263 867 875 
2656 1052 145 781 784 
2657 141 140 139 1088 
2658 231 1082 224 258 
2659 254 94 96 739 
2660 709 62 1002 658 
2661 859 149 936 150 
2662 752 759 116 754 
2663 1001 1002 63 1147 
2664 597 780 779 415 
2665 826 170 181 983 
2666 61 16 57 1073 
2667 742 79 81 1027 
2668 720 59 26 683 
2669 1056 1072 919 385 
2670 1050 818 72 342 
2671 276 258 300 1039 
2672 247 891 884 248 
2673 944 943 336 445 
2674 855 1028 1029 665 
2675 1085 578 1132 547 
2676 887 124 123 880 
2677 211 247 884 248 
2678 74 70 73 815 
2679 1090 201 206 888 
2680 85 91 1040 745 
2681 842 572 172 1084 
2682 763 1105 393 307 
2683 1087 997 58 960 
2684 574 552 758 424 
2685 181 378 768 983 
2686 10 29 44 502 
2687 665 1029 855 559 
2688 795 286 1043 710 
2689 30 11 499 724 
2690 753 755 118 533 
2691 876 262 259 879 
2692 1130 670 671 1004 
2693 1074 168 1057 826 
2694 878 877 881 242 
2695 852 277 558 1029 
2696 208 981 205 1090 
2697 542 700 341 1135 
2698 788 791 437 461 
2699 204 189 203 1107 
2700 532 462 761 760 
2701 473 140 142 1052 
2702 323 409 408 1111 
2703 931 930 606 350 
2704 489 73 68 816 
2705 306 847 1033 283 
2706 1037 473 407 783 
2707 1034 851 845 509 
2708 786 1037 407 783 
2709 1083 1041 874 240 
2710 396 763 393 307 
2711 274 1030 325 547 
2712 838 164 161 837 
2713 1077 576 472 1108 
2714 1059 1082 231 258 
2715 978 344 343 342 
2716 399 1045 828 639 
2717 118 753 752 754 
2718 109 110 926 639 
2719 307 762 321 287 
2720 1053 336 320 944 
2721 498 11 30 719 
2722 878 876 259 879 
2723 189 536 170 1070 
2724 872 481 870 871 
2725 274 891 1030 547 
2726 597 781 146 782 
2727 1068 390 361 1123 
2728 147 1057 168 544 
2729 992 1094 657 335 
2730 1057 755 764 544 
2731 523 979 731 354 
2732 96 100 101 747 
2733 272 919 1056 593 
2734 929 106 253 939 
2735 310 262 1055 879 
2736 1079 1051 803 672 
2737 1056 871 869 653 
2738 258 276 1059 1039 
2739 11 29 30 719 
2740 1102 448 706 956 
2741 816 73 70 815 
2742 781 780 597 615 
2743 673 788 787 437 
2744 740 741 92 742 
2745 432 731 733 732 
2746 785 647 347 783 
2747 251 753 118 533 
2748 293 914 275 421 
2749 776 830 645 1062 
2750 85 744 1040 574 
2751 884 885 211 248 
2752 708 484 481 870 
2753 265 306 1033 283 
2754 1107 925 204 1070 
2755 566 719 1087 1138 
2756 151 236 518 936 
2757 271 919 986 299 
2758 885 249 250 893 
2759 146 163 597 782 
2760 102 100 112 735 
2761 818 921 424 343 
2762 1021 355 354 353 
2763 63 1002 1001 709 
2764 815 79 74 756 
2765 385 272 1056 593 
2766 558 850 849 852 
2767 751 753 117 1018 
2768 698 330 508 1092 
2769 841 600 839 238 
2770 577 750 748 751 
2771 167 1057 754 760 
2772 34 57 16 1073 
2773 630 93 83 1077 
2774 1108 471 675 1000 
2775 270 312 867 851 
2776 733 735 667 736 
2777 1132 891 1085 547 
2778 351 979 354 353 
2779 220 188 856 857 
2780 545 863 1028 249 
2781 1079 1051 518 936 
2782 1093 324 626 924 
2783 756 758 84 553 
2784 814 758 756 553 
2785 142 143 144 951 
2786 246 595 220 857 
2787 801 379 607 1032 
2788 878 886 656 1042 
2789 261 736 737 738 
2790 576 77 472 1108 
2791 645 776 1062 539 
2792 1028 855 545 665 
2793 780 779 781 597 
2794 793 131 132 1047 
2795 1103 1020 366 604 
2796 693 801 797 546 
2797 865 124 126 1041 
2798 1075 184 767 230 
2799 754 759 119 760 
2800 837 162 164 839 
2801 519 859 920 1146 
2802 165 172 1060 842 
2803 145 144 146 784 
2804 486 1046 113 1096 
2805 797 792 137 474 
2806 116 118 752 754 
2807 164 165 837 839 
2808 245 856 277 852 
2809 1093 626 324 761 
2810 259 244 876 878 
2811 292 918 916 266 
2812 839 165 1060 842 
2813 715 643 1013 1014 
2814 151 936 149 150 
2815 255 923 918 958 
2816 220 246 853 245 
2817 992 991 227 689 
2818 735 622 112 734 
2819 578 1132 504 1013 
2820 166 823 693 585 
2821 294 292 918 329 
2822 356 729 731 360 
2823 341 771 237 1135 
2824 55 439 664 959 
2825 499 11 502 724 
2826 184 182 767 230 
2827 310 328 311 879 
2828 846 682 364 848 
2829 265 853 246 264 
2830 35 36 18 721 
2831 498 48 11 719 
2832 766 181 768 983 
2833 675 749 1108 1000 
2834 778 276 538 300 
2835 344 938 978 343 
2836 292 918 917 916 
2837 350 606 931 352 
2838 29 28 1015 638 
2839 188 856 857 860 
2840 1055 262 543 269 
2841 7 27 53 1005 
2842 604 391 1103 654 
2843 319 883 1053 318 
2844 141 1144 1088 823 
2845 1060 837 165 839 
2846 764 168 1057 544 
2847 816 70 814 815 
2848 892 891 274 248 
2849 751 115 577 550 
2850 227 862 992 335 
2851 236 153 1109 151 
2852 862 1094 992 335 
2853 926 107 111 928 
2854 686 502 1012 724 
2855 745 89 90 746 
2856 18 35 721 496 
2857 958 1129 226 570 
2858 307 763 762 533 
2859 202 906 219 907 
2860 1092 439 522 915 
2861 1113 982 193 199 
2862 161 157 838 980 
2863 1063 572 842 1084 
2864 398 285 293 914 
2865 590 311 469 886 
2866 736 565 261 737 
2867 1113 180 1084 179 
2868 1135 341 771 1062 
2869 744 87 85 745 
2870 1070 537 536 804 
2871 353 1021 357 352 
2872 1026 96 101 747 
2873 430 1034 851 901 
2874 863 885 1028 249 
2875 757 741 988 513 
2876 632 3 1 676 
2877 760 532 167 1074 
2878 511 842 701 843 
2879 1084 1049 180 1113 
2880 735 565 667 736 
2881 916 894 915 421 
2882 226 1129 862 195 
2883 851 844 845 509 
2884 197 184 196 767 
2885 926 111 1131 928 
2886 810 1045 399 400 
2887 285 503 325 1030 
2888 985 681 706 1102 
2889 227 992 689 335 
2890 1108 1077 576 933 
2891 980 833 530 159 
2892 92 81 740 742 
2893 335 992 466 465 
2894 258 301 1038 531 
2895 865 126 431 861 
2896 1088 951 142 1052 
2897 761 584 532 817 
2898 83 576 1077 1027 
2899 786 407 647 783 
2900 94 95 96 739 
2901 1129 958 1020 570 
2902 899 234 1042 1078 
2903 938 424 921 343 
2904 181 175 170 826 
2905 147 119 167 754 
2906 698 522 330 1092 
2907 631 777 411 614 
2908 522 698 439 1092 
2909 138 140 1037 1036 
2910 325 578 1132 504 
2911 461 437 788 668 
2912 187 860 186 185 
2913 647 615 347 783 
2914 343 818 978 342 
2915 667 622 112 735 
2916 917 1092 522 915 
2917 168 175 764 826 
2918 1012 507 695 715 
2919 721 49 18 496 
2920 925 537 204 1070 
2921 328 1100 448 956 
2922 195 1129 862 187 
2923 933 576 78 1027 
2924 141 143 1144 212 
2925 986 1106 771 273 
2926 551 392 1089 813 
2927 884 891 885 248 
2928 29 1012 502 724 
2929 1053 889 336 944 
2930 825 340 635 512 
2931 85 84 744 574 
2932 688 424 921 345 
2933 72 818 814 552 
2934 719 498 566 1087 
2935 1107 216 925 961 
2936 962 491 45 1121 
2937 140 1088 1037 1036 
2938 258 1059 1082 1039 
2939 978 818 1050 342 
2940 134 131 795 710 
2941 844 1054 427 312 
2942 849 282 850 558 
2943 819 816 489 948 
2944 577 750 751 550 
2945 832 986 834 420 
2946 175 181 766 826 
2947 754 119 167 760 
2948 558 850 852 1029 
2949 458 617 1007 1009 
2950 645 414 830 776 
2951 557 306 659 1033 
2952 1117 344 978 567 
2953 1131 130 131 1047 
2954 1094 657 277 1029 
2955 460 658 998 601 
2956 1056 317 871 653 
2957 500 49 36 995 
2958 676 632 3 717 
2959 842 841 701 843 
2960 604 1103 1083 654 
2961 1105 762 321 307 
2962 716 664 508 1092 
2963 810 809 680 402 
2964 661 712 621 1116 
2965 262 259 244 876 
2966 1113 1084 911 179 
2967 858 1090 206 888 
2968 73 75 815 819 
2969 876 1055 262 879 
2970 1145 56 27 715 
2971 759 462 119 760 
2972 424 938 345 343 
2973 139 823 166 585 
2974 512 635 825 942 
2975 655 921 1040 1089 
2976 927 106 579 929 
2977 415 597 780 615 
2978 596 1067 1128 901 
2979 982 193 201 888 
2980 304 776 775 305 
2981 249 250 893 303 
2982 811 825 827 573 
2983 137 1036 792 797 
2984 1029 470 558 559 
2985 1103 1020 923 366 
2986 870 481 708 479 
2987 1085 1014 410 969 
2988 877 263 876 875 
2989 566 719 1138 978 
2990 512 825 941 942 
2991 854 636 1048 888 
2992 148 519 859 920 
2993 157 161 835 980 
2994 738 95 93 739 
2995 895 328 1100 879 
2996 765 1075 767 230 
2997 836 678 455 835 
2998 340 825 941 512 
2999 909 86 989 913 
3000 933 1077 576 1027 
3001 145 142 144 1052 
3002 299 271 919 272 
3003 368 673 786 787 
3004 303 521 893 466 
3005 151 936 150 937 
3006 743 89 87 745 
3007 959 439 664 1092 
3008 594 428 840 1054 
3009 33 41 14 32 
3010 197 769 213 796 
3011 36 37 500 995 
3012 490 45 14 1121 
3013 606 371 930 352 
3014 112 568 1110 734 
3015 862 860 188 195 
3016 27 7 26 1005 
3017 999 934 471 459 
3018 250 885 892 248 
3019 499 671 670 1004 
3020 29 11 10 48 
3021 281 1128 950 1080 
3022 758 814 818 552 
3023 897 256 176 619 
3024 931 606 930 352 
3025 877 878 244 242 
3026 855 1029 850 559 
3027 750 748 745 577 
3028 21 20 37 51 
3029 129 131 795 1131 
3030 935 594 840 1054 
3031 759 563 98 752 
3032 240 570 1020 604 
3033 1094 277 856 852 
3034 846 599 649 1063 
3035 621 996 661 1116 
3036 781 780 615 783 
3037 689 1104 991 613 
3038 669 406 626 1093 
3039 589 460 489 948 
3040 470 1029 334 665 
3041 645 414 776 539 
3042 759 99 924 1058 
3043 1054 331 427 312 
3044 1036 1037 138 789 
3045 482 206 201 888 
3046 1055 1100 310 879 
3047 810 1045 828 399 
3048 473 647 407 783 
3049 1029 657 470 465 
3050 91 85 88 745 
3051 944 968 943 445 
3052 833 834 530 692 
3053 95 261 737 738 
3054 842 839 165 238 
3055 158 157 838 161 
3056 919 235 1095 527 
3057 871 479 869 653 
3058 986 834 420 299 
3059 930 928 579 929 
3060 947 1093 406 1101 
3061 817 584 278 947 
3062 315 1095 222 527 
3063 548 916 915 421 
3064 906 881 219 907 
3065 1077 472 749 1108 
3066 737 1026 96 739 
3067 711 998 601 589 
3068 249 885 1028 893 
3069 817 761 584 947 
3070 92 93 739 740 
3071 551 750 550 813 
3072 1071 686 1012 724 
3073 223 537 804 541 
3074 850 848 854 383 
3075 109 110 108 926 
3076 440 790 1043 710 
3077 530 835 834 833 
3078 388 940 973 284 
3079 728 677 611 363 
3080 924 1093 324 761 
3081 201 205 982 1090 
3082 197 196 769 767 
3083 1119 466 992 465 
3084 1002 999 658 1148 
3085 131 134 795 793 
3086 998 460 589 948 
3087 305 304 776 539 
3088 930 931 929 350 
3089 470 1029 665 559 
3090 151 152 1109 937 
3091 90 745 746 748 
3092 121 122 120 909 
3093 310 262 543 1055 
3094 1015 28 722 433 
3095 743 742 82 485 
3096 854 482 636 888 
3097 856 564 245 277 
3098 849 264 282 558 
3099 256 897 618 619 
3100 430 659 1034 901 
3101 734 735 622 733 
3102 163 1051 779 782 
3103 916 917 292 548 
3104 586 523 979 734 
3105 284 940 268 514 
3106 857 595 864 1035 
3107 694 659 1034 430 
3108 459 998 76 460 
3109 652 808 405 799 
3110 919 1095 1056 593 
3111 991 918 255 266 
3112 566 719 978 567 
3113 856 188 564 862 
3114 312 844 867 851 
3115 524 954 1120 395 
3116 1038 531 369 637 
3117 37 20 21 483 
3118 921 1040 574 655 
3119 546 797 693 166 
3120 954 314 313 524 
3121 762 321 287 1099 
3122 785 368 786 787 
3123 735 112 1110 734 
3124 32 41 14 65 
3125 657 1029 1119 465 
3126 915 522 917 548 
3127 258 1082 224 531 
3128 1120 2 4 1137 
3129 100 102 747 735 
3130 988 741 370 513 
3131 20 37 19 1114 
3132 862 860 195 187 
3133 471 64 999 459 
3134 680 400 810 402 
3135 1000 934 471 999 
3136 759 324 462 761 
3137 755 763 764 544 
3138 740 81 83 1027 
3139 1083 964 571 654 
3140 862 188 564 195 
3141 841 840 428 1054 
3142 444 1079 803 672 
3143 563 119 116 759 
3144 120 122 887 909 
3145 565 95 261 737 
3146 631 163 779 614 
3147 666 757 988 513 
3148 552 758 814 553 
3149 878 881 243 242 
3150 511 510 649 843 
3151 762 755 753 533 
3152 667 441 733 736 
3153 171 911 868 1060 
3154 135 136 790 792 
3155 26 59 720 1005 
3156 570 226 958 560 
3157 1140 1002 57 1073 
3158 415 780 300 347 
3159 89 88 87 745 
3160 860 862 1129 187 
3161 1066 1124 555 403 
3162 1028 1119 1029 334 
3163 1037 407 138 789 
3164 952 224 1082 531 
3165 65 66 997 589 
3166 1030 503 325 1071 
3167 446 1062 773 539 
3168 939 253 1091 1110 
3169 738 737 95 739 
3170 324 296 626 924 
3171 924 99 296 295 
3172 841 427 701 844 
3173 936 151 1109 937 
3174 829 828 110 326 
3175 235 919 272 527 
3176 1021 932 357 352 
3177 61 41 15 33 
3178 828 829 812 326 
3179 664 716 959 1092 
3180 104 106 105 939 
3181 601 61 62 1073 
3182 662 907 1042 1078 
3183 1111 519 920 1146 
3184 570 958 1020 560 
3185 772 650 207 770 
3186 336 889 943 944 
3187 103 102 104 1044 
3188 282 283 265 849 
3189 716 55 664 959 
3190 251 762 753 533 
3191 938 818 978 343 
3192 788 160 789 790 
3193 816 68 489 948 
3194 768 650 207 772 
3195 72 818 343 342 
3196 1028 855 863 545 
3197 805 800 801 376 
3198 1076 807 1139 454 
3199 1106 986 540 273 
3200 742 741 92 485 
3201 224 217 1112 822 
3202 385 869 477 653 
3203 866 950 864 375 
3204 632 971 970 717 
3205 907 881 219 1042 
3206 706 985 1102 956 
3207 594 840 641 935 
3208 963 964 425 705 
3209 139 141 823 585 
3210 192 180 1113 179 
3211 189 537 536 1070 
3212 455 161 164 837 
3213 470 277 657 1029 
3214 35 17 1140 496 
3215 763 755 762 533 
3216 479 870 481 871 
3217 744 743 87 745 
3218 739 94 92 513 
3219 839 162 600 840 
3220 519 174 150 1146 
3221 219 662 907 1042 
3222 643 410 1013 1014 
3223 928 927 579 929 
3224 522 330 1092 917 
3225 277 470 558 1029 
3226 305 776 775 777 
3227 320 336 1053 319 
3228 906 202 190 908 
3229 1109 153 900 985 
3230 919 771 235 271 
3231 65 32 41 711 
3232 62 57 63 1002 
3233 781 146 782 784 
3234 810 828 812 327 
3235 741 739 92 513 
3236 532 169 167 1074 
3237 109 107 111 926 
3238 1096 101 103 747 
3239 177 906 191 190 
3240 420 834 832 648 
3241 147 118 755 533 
3242 40 24 3 676 
3243 282 383 850 558 
3244 756 79 74 553 
3245 880 124 127 865 
3246 1095 919 272 593 
3247 715 1145 643 1014 
3248 303 893 1119 466 
3249 377 774 772 603 
3250 371 372 373 932 
3251 752 115 98 748 
3252 249 1028 334 303 
3253 837 164 171 1060 
3254 1104 916 991 613 
3255 763 765 602 620 
3256 917 916 915 548 
3257 651 1024 373 704 
3258 1045 810 802 400 
3259 821 805 268 820 
3260 82 742 743 744 
3261 202 907 228 229 
3262 118 755 753 754 
3263 768 378 181 183 
3264 502 1012 44 686 
3265 466 521 893 1104 
3266 791 788 1043 461 
3267 765 807 1075 230 
3268 471 64 1000 999 
3269 378 772 983 603 
3270 1147 721 496 497 
3271 170 168 169 826 
3272 934 471 77 1108 
3273 336 889 1053 319 
3274 16 61 33 1073 
3275 1112 217 225 529 
3276 226 862 958 227 
3277 842 701 238 511 
3278 252 288 348 1018 
3279 522 439 293 915 
3280 626 298 669 1093 
3281 437 673 788 668 
3282 1050 960 69 816 
3283 921 818 938 343 
3284 1096 486 1046 1044 
3285 101 580 1026 1096 
3286 927 105 106 939 
3287 938 688 921 345 
3288 18 36 35 1064 
3289 1022 371 373 932 
3290 40 23 43 990 
3291 1050 69 1138 342 
3292 446 341 1062 539 
3293 224 223 217 822 
3294 382 646 944 445 
3295 744 84 82 756 
3296 687 632 676 717 
3297 532 462 584 761 
3298 951 1144 143 1081 
3299 174 627 994 1146 
3300 661 494 1133 725 
3301 19 37 36 1114 
3302 862 991 227 992 
3303 794 792 797 474 
3304 861 186 857 860 
3305 876 244 263 877 
3306 254 1026 757 739 
3307 972 971 973 467 
3308 569 337 588 973 
3309 646 968 944 445 
3310 321 762 1105 1099 
3311 500 37 51 995 
3312 752 98 759 1058 
3313 78 75 576 933 
3314 91 1040 745 750 
3315 1013 695 643 715 
3316 785 786 647 783 
3317 814 72 70 1050 
3318 763 393 807 620 
3319 523 731 979 734 
3320 883 872 418 889 
3321 686 1012 504 1071 
3322 188 245 220 856 
3323 257 212 322 1081 
3324 848 404 854 383 
3325 165 164 162 839 
3326 895 448 581 1102 
3327 743 746 988 370 
3328 165 172 842 238 
3329 8 7 27 53 
3330 206 208 205 1090 
3331 800 801 376 546 
3332 424 552 818 343 
3333 639 1045 1086 623 
3334 131 129 130 1131 
3335 572 180 172 1084 
3336 417 896 123 880 
3337 681 154 152 985 
3338 198 594 641 935 
3339 947 406 279 1122 
3340 391 964 1103 654 
3341 1143 71 114 989 
3342 548 292 916 266 
3343 37 21 51 38 
3344 273 771 237 341 
3345 1112 925 223 217 
3346 835 161 838 980 
3347 150 152 151 937 
3348 259 311 656 886 
3349 296 298 626 1093 
3350 219 881 243 1042 
3351 107 927 579 928 
3352 867 270 851 875 
3353 770 341 1062 446 
3354 206 482 858 888 
3355 690 909 896 913 
3356 932 372 967 1151 
3357 1072 1056 869 385 
3358 851 312 844 509 
3359 88 85 87 745 
3360 108 107 926 927 
3361 63 1147 1140 496 
3362 834 986 1072 299 
3363 1094 862 564 335 
3364 1111 627 519 1146 
3365 822 1082 224 231 
3366 837 455 161 835 
3367 519 150 859 1146 
3368 1113 982 199 200 
3369 770 1062 773 446 
3370 711 65 997 589 
3371 856 564 277 1094 
3372 1073 601 61 711 
3373 1090 208 981 873 
3374 141 142 140 1088 
3375 339 847 682 845 
3376 1021 979 931 353 
3377 952 217 1112 224 
3378 183 181 768 766 
3379 603 377 774 541 
3380 68 69 960 816 
3381 786 647 368 785 
3382 164 162 838 161 
3383 742 82 79 756 
3384 1100 447 328 448 
3385 633 1128 281 1080 
3386 1015 1117 978 567 
3387 393 763 396 620 
3388 257 323 408 1081 
3389 994 581 174 1102 
3390 341 273 771 1062 
3391 586 1091 568 734 
3392 983 804 536 603 
3393 100 565 735 737 
3394 852 1094 277 1029 
3395 209 211 210 884 
3396 48 29 719 1015 
3397 349 348 288 1008 
3398 360 729 731 732 
3399 1053 320 397 1065 
3400 376 801 805 379 
3401 1115 969 1085 291 
3402 979 1021 354 353 
3403 1063 599 649 194 
3404 952 225 217 224 
3405 87 82 743 744 
3406 856 245 853 852 
3407 246 557 1033 265 
3408 900 153 155 985 
3409 840 882 641 935 
3410 721 611 49 497 
3411 760 167 1057 1074 
3412 927 106 107 579 
3413 82 87 743 485 
3414 1045 1043 1086 623 
3415 217 1112 216 529 
3416 1092 959 439 915 
3417 1099 288 287 1018 
3418 29 10 11 502 
3419 289 774 541 231 
3420 746 743 89 370 
3421 759 563 99 1058 
3422 749 1019 640 736 
3423 306 847 1034 1033 
3424 569 190 202 908 
3425 481 872 480 871 
3426 361 732 1068 1123 
3427 154 155 153 985 
3428 317 480 883 871 
3429 67 69 566 1138 
3430 849 853 264 852 
3431 382 1065 320 944 
3432 933 815 75 819 
3433 1022 609 371 930 
3434 689 992 466 335 
3435 238 572 842 511 
3436 832 986 420 540 
3437 895 311 328 879 
3438 274 250 892 248 
3439 536 1070 804 983 
3440 1146 174 150 937 
3441 370 666 988 513 
3442 662 907 1078 228 
3443 1144 823 212 824 
3444 5 4 25 1009 
3445 772 378 650 603 
3446 763 765 764 602 
3447 7 8 27 56 
3448 296 297 1126 295 
3449 309 805 268 308 
3450 824 212 1144 1081 
3451 58 12 31 1087 
3452 795 286 129 1086 
3453 14 32 490 1121 
3454 1075 526 184 230 
3455 78 74 75 815 
3456 806 800 376 386 
3457 41 61 601 711 
3458 1045 399 400 401 
3459 1041 910 122 571 
3460 789 160 788 786 
3461 321 394 1010 1105 
3462 364 599 846 848 
3463 530 157 161 835 
3464 386 376 806 309 
3465 655 424 921 688 
3466 891 892 885 248 
3467 912 214 213 796 
3468 273 771 986 271 
3469 938 921 424 345 
3470 1020 1083 874 240 
3471 92 81 742 485 
3472 920 408 519 1111 
3473 909 887 120 896 
3474 1057 168 764 826 
3475 627 174 519 1146 
3476 404 636 1048 854 
3477 34 17 57 1140 
3478 422 382 621 1116 
3479 114 86 909 913 
3480 877 561 1067 575 
3481 838 162 164 837 
3482 1075 526 332 1125 
3483 508 330 962 1092 
3484 653 1056 317 593 
3485 804 537 536 603 
3486 1130 671 503 724 
3487 44 507 695 1012 
3488 993 97 99 295 
3489 547 274 891 248 
3490 1133 712 661 725 
3491 973 569 337 908 
3492 827 1101 811 573 
3493 809 810 811 402 
3494 207 650 768 378 
3495 921 574 424 655 
3496 1128 633 596 901 
3497 152 1109 153 151 
3498 305 775 304 290 
3499 661 494 47 1133 
3500 263 269 262 876 
3501 648 832 420 540 
3502 223 537 925 804 
3503 1002 999 709 658 
3504 321 393 394 1105 
3505 228 907 987 229 
3506 631 518 1051 163 
3507 949 938 1017 345 
3508 1059 774 289 231 
3509 1118 1078 562 946 
3510 899 234 517 1042 
3511 886 469 590 898 
3512 1037 1052 473 783 
3513 168 764 175 544 
3514 1038 785 301 1039 
3515 599 1048 846 848 
3516 188 856 860 862 
3517 774 804 772 603 
3518 1067 905 877 575 
3519 421 894 521 613 
3520 69 566 1138 342 
3521 19 46 20 1114 
3522 223 1112 217 822 
3523 1072 986 919 299 
3524 1033 1080 557 1035 
3525 318 319 883 316 
3526 833 900 831 528 
3527 763 602 396 620 
3528 67 69 1138 960 
3529 1040 744 85 745 
3530 56 27 7 1145 
3531 759 98 563 1058 
3532 269 331 867 312 
3533 515 951 143 1081 
3534 110 828 399 327 
3535 448 1100 447 956 
3536 471 472 77 1108 
3537 484 481 870 1025 
3538 160 789 407 786 
3539 789 1037 407 786 
3540 63 1147 496 497 
3541 1083 964 910 571 
3542 820 268 940 514 
3543 932 930 371 352 
3544 392 655 551 1089 
3545 1116 382 646 944 
3546 1031 387 514 628 
3547 193 982 1049 888 
3548 552 814 72 553 
3549 417 897 896 880 
3550 750 751 550 813 
3551 1065 382 422 1116 
3552 973 970 388 971 
3553 748 746 90 1058 
3554 1015 719 48 567 
3555 937 174 681 1102 
3556 877 561 263 875 
3557 724 1130 671 1004 
3558 926 828 110 829 
3559 601 62 658 1148 
3560 701 435 843 844 
3561 833 530 835 980 
3562 65 13 32 997 
3563 975 256 176 897 
3564 814 74 70 553 
3565 845 339 1034 694 
3566 589 66 997 948 
3567 15 14 45 1121 
3568 1025 660 481 872 
3569 140 138 139 1036 
3570 383 848 364 282 
3571 759 924 324 761 
3572 442 675 625 1000 
3573 788 160 673 786 
3574 721 1140 1147 496 
3575 929 253 106 350 
3576 1050 69 70 816 
3577 542 207 700 770 
3578 79 78 81 1027 
3579 519 148 515 920 
3580 336 889 587 943 
3581 906 177 976 190 
3582 760 817 532 1074 
3583 1029 1094 657 1119 
3584 243 656 517 1042 
3585 519 515 408 920 
3586 805 806 376 309 
3587 243 662 219 1042 
3588 250 249 885 248 
3589 855 854 858 218 
3590 92 739 741 740 
3591 427 841 428 1054 
3592 181 766 826 983 
3593 1104 992 466 689 
3594 314 313 953 954 
3595 17 57 1140 496 
3596 147 1057 755 754 
3597 1115 291 247 260 
3598 777 411 305 413 
3599 1102 895 448 956 
3600 1113 982 200 1025 
3601 748 90 98 1058 
3602 777 305 776 413 
3603 907 202 908 229 
3604 576 83 78 1027 
3605 909 690 114 913 
3606 14 15 33 1121 
3607 1002 57 63 1140 
3608 799 1038 369 637 
3609 1000 442 1019 1068 
3610 535 1142 239 208 
3611 995 611 49 721 
3612 625 442 1000 1068 
3613 250 892 885 893 
3614 873 209 210 884 
3615 745 743 89 746 
3616 714 37 21 483 
3617 298 827 941 340 
3618 125 126 124 1041 
3619 791 1043 1045 623 
3620 1100 328 895 956 
3621 809 1101 456 811 
3622 774 804 603 541 
3623 289 304 775 290 
3624 172 1060 842 1084 
3625 731 730 356 354 
3626 1091 253 586 568 
3627 49 19 36 18 
3628 222 953 902 314 
3629 975 906 190 908 
3630 943 587 336 445 
3631 92 93 94 739 
3632 550 577 750 551 
3633 304 773 776 539 
3634 503 285 1130 1030 
3635 528 831 833 475 
3636 729 361 359 1123 
3637 81 740 742 1027 
3638 62 1002 1148 1073 
3639 1028 1119 334 303 
3640 936 782 149 859 
3641 294 918 922 329 
3642 940 268 233 284 
3643 913 114 1143 449 
3644 214 1095 912 527 
3645 118 116 119 754 
3646 792 135 137 474 
3647 264 245 277 852 
3648 895 469 311 886 
3649 255 958 991 227 
3650 936 518 151 149 
3651 791 457 787 437 
3652 400 802 1045 401 
3653 247 891 1115 884 
3654 719 566 48 567 
3655 934 998 76 459 
3656 982 534 981 205 
3657 363 361 390 1123 
3658 746 97 90 1058 
3659 905 177 906 191 
3660 103 102 1044 747 
3661 208 535 1142 873 
3662 740 83 1077 1027 
3663 630 472 749 1077 
3664 446 773 772 377 
3665 365 923 922 294 
3666 1081 408 515 920 
3667 1073 1148 601 711 
3668 944 336 382 445 
3669 214 912 235 527 
3670 349 392 348 813 
3671 365 366 923 294 
3672 1024 374 704 525 
3673 962 45 491 629 
3674 593 272 1095 527 
3675 285 398 1130 914 
3676 421 548 916 613 
3677 195 564 862 335 
3678 941 298 297 1126 
3679 962 508 716 1121 
3680 739 93 738 740 
3681 359 361 729 360 
3682 712 661 996 1116 
3683 581 681 174 1102 
3684 1019 640 442 749 
3685 936 859 150 937 
3686 1046 825 487 635 
3687 926 110 108 829 
3688 636 404 482 854 
3689 148 859 784 920 
3690 534 982 199 205 
3691 459 658 998 460 
3692 901 659 1034 1080 
3693 986 540 273 271 
3694 804 822 223 541 
3695 173 868 869 836 
3696 117 115 752 751 
3697 563 116 98 752 
3698 199 982 193 201 
3699 395 954 1120 1149 
3700 970 940 388 514 
3701 906 219 191 202 
3702 155 900 980 159 
3703 368 673 787 437 
3704 292 329 330 917 
3705 95 94 93 739 
3706 510 846 843 845 
3707 1040 758 921 574 
3708 304 775 774 289 
3709 568 1091 253 1110 
3710 187 226 1129 570 
3711 579 606 241 930 
3712 586 979 523 354 
3713 1090 206 208 873 
3714 916 918 991 266 
3715 1049 1048 1063 194 
3716 164 165 171 1060 
3717 1020 1083 240 604 
3718 578 1085 291 547 
3719 55 670 439 959 
3720 1044 104 105 939 
3721 1014 1145 643 495 
3722 795 131 286 710 
3723 13 65 58 997 
3724 332 1075 1125 1076 
3725 69 68 70 816 
3726 550 348 551 813 
3727 541 774 822 231 
3728 998 601 1148 711 
3729 241 928 579 930 
3730 953 222 313 314 
3731 708 478 484 870 
3732 643 410 695 1013 
3733 911 484 870 1025 
3734 796 197 769 767 
3735 865 887 124 1041 
3736 1145 56 643 495 
3737 958 255 226 227 
3738 115 90 98 748 
3739 1081 515 951 920 
3740 861 186 605 857 
3741 1013 1012 695 715 
3742 661 47 712 1133 
3743 417 123 128 880 
3744 1049 1113 982 193 
3745 99 924 993 295 
3746 136 138 789 792 
3747 184 197 796 767 
3748 991 958 862 227 
3749 969 410 1085 302 
3750 508 962 45 1121 
3751 671 499 724 1004 
3752 111 130 129 1131 
3753 813 348 288 1018 
3754 1042 234 662 1078 
3755 910 1041 1083 571 
3756 379 376 801 546 
3757 887 123 120 896 
3758 987 232 267 1118 
3759 995 677 611 728 
3760 58 31 13 997 
3761 418 872 883 480 
3762 722 53 27 1005 
3763 583 963 425 705 
3764 363 611 728 1069 
3765 243 244 878 242 
3766 838 162 837 839 
3767 994 627 469 898 
3768 1067 596 346 901 
3769 1041 122 125 571 
3770 35 18 1064 663 
3771 498 30 12 1087 
3772 1048 404 854 848 
3773 937 681 152 985 
3774 231 276 1059 258 
3775 656 259 886 878 
3776 1145 643 56 715 
3777 630 749 261 738 
3778 382 320 336 944 
3779 1119 1028 893 303 
3780 441 640 1019 736 
3781 139 138 137 1036 
3782 891 1030 892 274 
3783 74 73 75 815 
3784 382 320 1065 422 
3785 264 853 246 245 
3786 1112 925 216 961 
3787 672 444 1079 236 
3788 514 970 1031 628 
3789 1099 287 288 549 
3790 219 881 906 191 
3791 340 827 825 573 
3792 811 456 809 402 
3793 185 570 874 240 
3794 701 841 842 238 
3795 1015 48 29 638 
3796 937 152 1109 985 
3797 830 1106 645 1062 
3798 770 650 207 446 
3799 62 61 57 1073 
3800 831 1079 444 528 
3801 530 157 835 980 
3802 821 268 233 940 
3803 175 168 170 826 
3804 1047 132 793 798 
3805 949 688 392 1089 
3806 943 1142 981 239 
3807 985 937 681 1102 
3808 1069 611 721 497 
3809 476 529 1122 808 
3810 964 1083 1103 654 
3811 259 311 886 879 
3812 1129 1020 874 570 
3813 1021 931 932 352 
3814 134 135 136 790 
3815 347 415 780 615 
3816 775 773 776 304 
3817 97 98 90 1058 
3818 498 12 58 1087 
3819 855 545 665 218 
3820 653 385 1056 593 
3821 978 1138 566 342 
3822 838 162 839 840 
3823 1120 616 524 395 
3824 13 31 32 997 
3825 34 16 33 1073 
3826 84 79 82 756 
3827 301 300 258 1039 
3828 107 109 108 926 
3829 1058 97 99 993 
3830 182 767 765 766 
3831 143 257 515 1081 
3832 579 111 107 928 
3833 889 418 883 319 
3834 227 991 255 266 
3835 614 597 779 415 
3836 334 545 1028 249 
3837 262 310 259 879 
3838 76 998 934 819 
3839 733 362 432 732 
3840 235 919 271 272 
3841 640 675 749 472 
3842 1048 599 1063 194 
3843 353 931 1021 352 
3844 207 542 769 770 
3845 1142 981 239 208 
3846 871 883 317 902 
3847 995 49 36 721 
3848 1051 672 518 631 
3849 959 293 439 915 
3850 432 523 731 360 
3851 82 742 744 756 
3852 497 1147 1069 592 
3853 1065 382 1116 944 
3854 941 512 1127 416 
3855 57 34 1140 1073 
3856 1044 102 104 1110 
3857 40 39 23 990 
3858 508 490 664 716 
3859 1100 935 447 956 
3860 86 114 989 913 
3861 406 456 279 1122 
3862 413 777 411 631 
3863 949 688 938 345 
3864 1059 289 276 231 
3865 830 1106 463 645 
3866 158 838 157 980 
3867 721 35 1140 496 
3868 846 682 599 364 
3869 913 1143 1134 449 
3870 837 161 838 835 
3871 982 199 200 534 
3872 502 686 671 724 
3873 192 1113 911 179 
3874 128 897 417 880 
3875 921 688 949 1089 
3876 968 943 445 699 
3877 1151 932 357 1021 
3878 261 749 640 736 
3879 198 641 882 935 
3880 913 896 690 984 
3881 1151 357 556 1021 
3882 730 731 979 354 
3883 148 146 144 784 
3884 393 807 1105 763 
3885 134 790 795 793 
3886 34 54 17 718 
3887 1053 320 318 397 
3888 983 772 804 603 
3889 1145 26 494 1133 
3890 357 556 554 1151 
3891 1030 1130 503 1071 
3892 353 351 931 352 
3893 355 730 358 389 
3894 205 982 199 201 
3895 51 677 500 995 
3896 744 758 84 756 
3897 392 349 949 813 
3898 116 563 759 752 
3899 476 808 809 405 
3900 377 772 650 603 
3901 833 900 528 159 
3902 810 399 327 400 
3903 475 833 528 159 
3904 580 254 96 1026 
3905 584 324 626 761 
3906 1151 556 554 957 
3907 1061 367 366 365 
3908 408 515 257 1081 
3909 892 914 894 275 
3910 366 923 1061 365 
3911 225 217 1112 952 
3912 462 759 761 760 
3913 391 966 964 425 
3914 988 1127 666 416 
3915 374 555 1124 403 
3916 137 797 474 166 
3917 806 525 436 386 
3918 1115 890 969 260 
3919 521 893 250 303 
3920 61 15 16 33 
3921 770 207 700 446 
3922 512 697 1127 416 
3923 316 480 883 317 
3924 491 15 45 1121 
3925 484 478 911 870 
3926 1015 978 719 567 
3927 1048 599 846 1063 
3928 680 476 809 405 
3929 1092 330 962 917 
3930 790 788 160 440 
3931 27 26 7 1145 
3932 211 209 863 884 
3933 552 84 758 553 
3934 30 31 12 1087 
3935 620 807 765 230 
3936 993 1126 297 295 
3937 777 776 803 413 
3938 190 569 975 908 
3939 1142 981 208 873 
3940 736 735 565 737 
3941 901 1128 633 1080 
3942 1114 965 1064 501 
3943 567 978 566 342 
3944 458 1007 1010 1009 
3945 546 800 797 474 
3946 961 279 529 1122 
3947 1141 133 977 866 
3948 767 182 183 766 
3949 971 338 973 467 
3950 1138 1087 67 960 
3951 321 393 1105 307 
3952 711 41 65 589 
3953 844 435 845 509 
3954 227 226 862 195 
3955 1138 978 1050 342 
3956 369 787 1038 799 
3957 875 1067 346 901 
3958 392 551 348 813 
3959 839 600 165 238 
3960 831 830 832 463 
3961 749 630 1077 738 
3962 580 113 942 1096 
3963 536 378 983 603 
3964 894 916 1104 613 
3965 1089 750 551 813 
3966 17 35 34 718 
3967 466 893 1119 1104 
3968 101 102 103 747 
3969 198 447 935 956 
3970 1068 1001 625 592 
3971 251 287 252 1018 
3972 40 43 676 717 
3973 544 147 755 533 
3974 594 331 428 1054 
3975 632 970 3 717 
3976 1038 952 1082 531 
3977 186 861 126 185 
3978 243 881 878 1042 
3979 1034 339 847 306 
3980 733 1019 362 732 
3981 943 1142 239 699 
3982 825 811 612 573 
3983 155 156 980 985 
3984 963 714 80 691 
3985 82 79 81 742 
3986 486 105 829 1044 
3987 191 881 905 242 
3988 392 949 1089 813 
3989 57 16 17 34 
3990 799 405 652 637 
3991 393 1139 394 1105 
3992 788 1043 461 440 
3993 855 863 545 218 
3994 623 1045 791 401 
3995 993 746 97 598 
3996 529 961 1122 808 
3997 420 692 834 648 
3998 106 104 253 939 
3999 40 23 39 713 
4000 380 1007 1008 549 
4001 862 227 195 335 
4002 417 618 984 619 
4003 441 362 432 733 
4004 404 679 854 383 
4005 1012 695 504 1013 
4006 362 441 1019 733 
4007 218 855 679 559 
4008 107 926 927 928 
4009 561 877 1067 875 
4010 270 312 851 509 
4011 529 1112 216 961 
4012 122 124 887 1041 
4013 607 212 823 824 
4014 77 934 1108 933 
4015 736 261 749 738 
4016 658 998 999 459 
4017 494 7 26 1145 
4018 1139 394 454 393 
4019 417 984 897 619 
4020 1065 1053 320 944 
4021 380 1007 549 617 
4022 1063 649 572 194 
4023 150 859 149 148 
4024 824 801 607 1032 
4025 1084 1060 911 179 
4026 792 794 135 474 
4027 278 817 947 961 
4028 100 96 95 737 
4029 478 868 911 870 
4030 32 65 997 711 
4031 960 66 68 948 
4032 480 479 481 871 
4033 127 123 124 880 
4034 673 160 788 668 
4035 138 140 407 1037 
4036 1084 172 1060 179 
4037 490 32 13 716 
4038 441 667 565 736 
4039 667 432 622 733 
4040 273 1106 771 1062 
4041 886 590 517 899 
4042 982 201 1090 888 
4043 867 269 312 270 
4044 291 969 1085 302 
4045 32 33 41 711 
4046 294 366 923 560 
4047 236 444 1079 528 
4048 770 773 772 446 
4049 1012 504 44 686 
4050 145 473 142 1052 
4051 981 587 943 239 
4052 565 112 100 735 
4053 1067 346 561 875 
4054 714 965 1114 691 
4055 210 890 535 873 
4056 969 1014 410 302 
4057 273 645 1106 1062 
4058 427 841 1054 844 
4059 674 967 554 591 
4060 462 167 119 760 
4061 213 542 237 1135 
4062 1146 150 859 937 
4063 367 1103 1061 366 
4064 138 136 137 792 
4065 1006 349 380 1008 
4066 183 768 196 767 
4067 987 1078 228 232 
4068 814 818 72 1050 
4069 581 328 448 895 
4070 428 600 840 841 
4071 859 150 519 148 
4072 656 259 878 243 
4073 937 994 174 1102 
4074 580 101 113 1096 
4075 925 204 223 217 
4076 35 17 34 1140 
4077 832 833 475 648 
4078 815 816 73 819 
4079 992 466 1119 1104 
4080 565 667 112 735 
4081 434 376 800 386 
4082 512 697 942 1127 
4083 964 963 425 965 
4084 1068 732 361 520 
4085 400 327 810 402 
4086 962 1003 491 1121 
4087 535 208 210 873 
4088 930 932 931 352 
4089 830 831 803 444 
4090 107 108 105 927 
4091 1017 610 949 345 
4092 556 957 355 389 
4093 938 921 688 949 
4094 397 318 1053 955 
4095 1043 791 461 623 
4096 757 739 741 513 
4097 548 915 522 421 
4098 175 766 764 826 
4099 1095 235 912 527 
4100 940 233 1150 284 
4101 476 529 279 1122 
4102 968 384 969 333 
4103 811 1101 456 573 
4104 1008 348 288 813 
4105 894 893 521 1104 
4106 32 14 33 1121 
4107 1053 397 955 1065 
4108 547 891 247 248 
4109 646 968 1116 944 
4110 63 1001 1147 592 
4111 253 1091 929 939 
4112 399 828 110 639 
4113 1013 410 578 1085 
4114 765 763 807 620 
4115 862 958 1129 226 
4116 1111 994 627 1146 
4117 213 542 1135 769 
4118 973 338 971 388 
4119 134 131 132 793 
4120 500 611 49 995 
4121 684 4 5 1009 
4122 184 197 526 796 
4123 265 264 282 849 
4124 534 200 982 904 
4125 337 1150 233 284 
4126 349 348 1008 813 
4127 147 118 119 754 
4128 882 156 706 985 
4129 333 969 890 260 
4130 211 885 249 248 
4131 670 398 959 1130 
4132 487 113 1046 635 
4133 287 251 762 1018 
4134 886 517 656 1042 
4135 658 999 998 1148 
4136 454 807 1139 393 
4137 1014 969 996 302 
4138 504 1012 1013 1071 
4139 827 298 669 573 
4140 522 330 917 548 
4141 1122 456 476 809 
4142 1104 521 894 613 
4143 132 131 130 1047 
4144 975 569 256 974 
4145 1061 966 367 429 
4146 521 275 894 421 
4147 840 600 839 841 
4148 719 30 498 1087 
4149 541 822 223 231 
4150 910 963 121 705 
4151 92 81 83 740 
4152 367 1061 429 624 
4153 1065 703 712 1116 
4154 60 990 1016 1143 
4155 1050 72 69 342 
4156 291 1085 410 302 
4157 927 926 108 829 
4158 791 802 457 401 
4159 845 339 694 509 
4160 194 1049 1048 636 
4161 641 600 162 840 
4162 878 244 876 877 
4163 1082 822 1059 231 
4164 1147 1002 63 1140 
4165 17 35 18 496 
4166 179 868 911 478 
4167 444 803 830 414 
4168 344 978 938 1117 
4169 221 332 526 1125 
4170 76 73 489 819 
4171 848 364 404 383 
4172 831 1079 803 444 
4173 1025 481 870 872 
4174 618 897 984 619 
4175 362 360 432 732 
4176 483 714 37 1114 
4177 186 188 860 187 
4178 1044 1096 103 747 
4179 472 630 576 1077 
4180 205 201 206 1090 
4181 324 462 563 759 
4182 6 26 59 683 
4183 604 570 1020 560 
4184 232 233 987 267 
4185 639 399 1045 623 
4186 578 1132 1013 1085 
4187 332 221 313 1125 
4188 716 508 962 1092 
4189 205 981 982 1090 
4190 355 730 1021 354 
4191 1080 950 443 1035 
4192 98 752 748 1058 
4193 108 105 829 486 
4194 475 831 832 463 
4195 456 1122 1101 809 
4196 990 1134 1143 449 
4197 1078 907 987 228 
4198 682 510 339 845 
4199 795 1043 286 1086 
4200 762 1105 763 307 
4201 190 176 976 975 
4202 1083 1020 1103 604 
4203 405 476 808 652 
4204 973 588 569 908 
4205 278 532 584 817 
4206 967 372 403 554 
4207 735 747 100 737 
4208 72 69 70 1050 
4209 752 753 117 751 
4210 286 129 131 795 
4211 97 993 598 295 
4212 987 228 229 232 
4213 70 814 1050 816 
4214 317 883 316 902 
4215 830 831 444 463 
4216 1034 339 306 694 
4217 628 970 3 632 
4218 1001 1069 1147 592 
4219 155 980 157 159 
4220 84 79 756 553 
4221 898 627 409 1111 
4222 616 2 1120 1137 
4223 854 858 482 888 
4224 442 362 1019 1068 
4225 1001 1068 1069 592 
4226 224 1112 952 822 
4227 953 1095 214 527 
4228 797 546 474 166 
4229 535 1142 890 333 
4230 604 1083 240 654 
4231 1069 1068 390 592 
4232 13 55 490 716 
4233 1080 443 557 1035 
4234 223 537 204 925 
4235 987 1078 232 1118 
4236 259 886 878 879 
4237 55 670 959 1004 
4238 1071 1130 503 724 
4239 812 1046 487 326 
4240 207 769 768 770 
4241 99 924 1058 993 
4242 768 769 196 767 
4243 802 809 808 405 
4244 889 883 1053 319 
4245 110 108 829 326 
4246 586 622 523 734 
4247 593 1095 315 527 
4248 918 292 255 266 
4249 207 768 772 770 
4250 313 954 332 1125 
4251 858 206 1090 873 
4252 440 461 788 668 
4253 409 323 945 1111 
4254 407 673 160 786 
4255 868 911 171 179 
4256 923 918 922 294 
4257 14 13 32 65 
4258 328 310 447 1100 
4259 1014 410 1013 1085 
4260 748 115 90 577 
4261 732 362 361 520 
4262 997 711 589 948 
4263 805 806 800 376 
4264 842 172 572 238 
4265 213 196 769 197 
4266 1104 991 992 689 
4267 75 73 76 819 
4268 869 870 479 871 
4269 523 356 731 360 
4270 1108 934 471 1000 
4271 477 173 869 836 
4272 1008 288 380 549 
4273 371 1022 930 932 
4274 833 980 900 159 
4275 379 801 805 1032 
4276 1001 63 709 592 
4277 105 927 1044 939 
4278 436 1097 806 386 
4279 235 771 237 271 
4280 25 4 5 1137 
4281 977 1128 950 281 
4282 836 1072 869 419 
4283 32 13 14 490 
4284 556 957 1021 355 
4285 193 1049 180 194 
4286 68 67 66 960 
4287 1007 549 617 458 
4288 612 812 825 487 
4289 1119 334 303 465 
4290 990 43 717 1134 
4291 156 155 154 985 
4292 1040 91 85 574 
4293 176 190 256 975 
4294 1002 999 1001 709 
4295 602 765 182 230 
4296 369 368 787 437 
4297 55 13 31 716 
4298 1118 267 987 821 
4299 729 359 728 1123 
4300 662 517 234 1042 
4301 445 646 968 699 
4302 1079 831 900 528 
4303 1025 982 200 904 
4304 146 163 782 149 
4305 408 409 627 1111 
4306 881 905 906 191 
4307 920 1081 408 1111 
4308 845 339 847 1034 
4309 1139 1010 394 1105 
4310 177 976 905 906 
4311 950 864 375 1035 
4312 974 569 588 908 
4313 741 743 370 485 
4314 354 586 979 351 
4315 843 435 510 845 
4316 597 779 163 614 
4317 409 469 627 898 
4318 1086 1043 286 623 
4319 48 10 29 638 
4320 801 379 693 607 
4321 963 910 964 705 
4322 320 397 1065 422 
4323 318 883 1053 903 
4324 319 1053 320 318 
4325 1123 390 363 1069 
4326 363 728 359 1123 
4327 729 728 359 727 
4328 837 171 868 1060 
4329 609 606 371 930 
4330 152 174 681 937 
4331 643 507 56 715 
4332 774 1059 822 231 
4333 334 1028 545 665 
4334 469 581 627 994 
4335 184 182 183 767 
4336 628 3 1 632 
4337 918 255 958 991 
4338 678 530 455 835 
4339 311 259 310 879 
4340 630 749 640 261 
4341 799 369 787 457 
4342 101 103 113 1096 
4343 69 1138 960 1050 
4344 908 569 337 229 
4345 562 453 267 1118 
4346 406 669 456 1101 
4347 437 791 457 461 
4348 907 219 202 228 
4349 221 953 313 1125 
4350 146 781 597 145 
4351 301 368 347 785 
4352 1103 367 391 366 
4353 607 823 801 824 
4354 36 19 1114 501 
4355 1119 303 466 465 
4356 970 973 388 940 
4357 775 1059 774 289 
4358 1064 18 36 501 
4359 32 31 13 716 
4360 897 128 176 1141 
4361 209 873 863 884 
4362 175 764 602 544 
4363 408 627 519 1111 
4364 1123 1068 390 1069 
4365 5 2 4 684 
4366 63 62 1002 709 
4367 285 293 914 275 
4368 997 58 31 1087 
4369 355 957 730 389 
4370 864 605 595 857 
4371 297 941 1126 993 
4372 193 636 201 888 
4373 96 101 580 1026 
4374 108 105 927 829 
4375 1046 825 635 942 
4376 1070 925 537 804 
4377 34 16 54 1003 
4378 820 387 309 514 
4379 605 864 861 857 
4380 671 499 502 724 
4381 455 837 836 835 
4382 646 621 382 1116 
4383 1146 994 174 937 
4384 892 250 274 275 
4385 898 994 627 1111 
4386 1068 361 390 520 
4387 316 315 902 314 
4388 390 1068 520 592 
4389 886 895 469 898 
4390 562 234 1078 232 
4391 69 67 68 960 
4392 498 58 67 1087 
4393 576 75 77 933 
4394 272 919 1095 527 
4395 1005 722 53 634 
4396 113 1046 942 1096 
4397 162 838 641 840 
4398 615 597 781 145 
4399 223 925 1112 822 
4400 633 659 901 1080 
4401 33 15 491 1121 
4402 1110 1044 102 747 
4403 621 712 703 1116 
4404 190 976 906 975 
4405 908 987 907 229 
4406 214 222 953 527 
4407 583 963 80 691 
4408 838 882 641 840 
4409 1110 102 112 735 
4410 596 633 346 901 
4411 681 706 154 985 
4412 1091 351 253 350 
4413 463 1106 832 540 
4414 669 456 1101 573 
4415 864 866 431 865 
4416 158 157 156 980 
4417 918 292 294 255 
4418 673 647 368 786 
4419 895 328 448 956 
4420 498 566 48 719 
4421 113 1046 635 942 
4422 561 263 244 877 
4423 769 912 213 796 
4424 436 1024 525 806 
4425 531 952 225 637 
4426 832 833 831 475 
4427 741 743 988 370 
4428 877 905 242 575 
4429 448 681 581 1102 
4430 1110 568 1091 734 
4431 440 1043 286 710 
4432 34 33 16 1003 
4433 82 87 85 744 
4434 574 1040 91 655 
4435 78 83 81 1027 
4436 418 883 319 480 
4437 963 121 86 909 
4438 1078 899 234 946 
4439 801 800 797 546 
4440 766 182 181 175 
4441 106 579 929 350 
4442 565 100 95 737 
4443 836 869 477 419 
4444 647 347 368 785 
4445 252 287 288 1018 
4446 117 115 116 752 
4447 308 805 268 821 
4448 293 522 915 421 
4449 98 99 563 1058 
4450 1031 387 309 820 
4451 1132 578 325 547 
4452 1022 798 426 1136 
4453 440 134 790 710 
4454 1022 426 609 1136 
4455 1030 325 285 274 
4456 589 711 998 948 
4457 279 278 947 961 
4458 457 799 802 791 
4459 377 304 774 289 
4460 748 752 115 751 
4461 1030 325 1132 1071 
4462 1024 1022 651 373 
4463 800 794 797 474 
4464 974 256 897 618 
4465 468 726 389 438 
4466 489 68 66 948 
4467 772 768 378 983 
4468 317 1056 902 593 
4469 481 200 660 1025 
4470 363 359 361 1123 
4471 563 462 119 759 
4472 981 239 208 205 
4473 692 834 678 420 
4474 247 210 211 884 
4475 1068 442 362 520 
4476 317 479 871 653 
4477 967 674 713 591 
4478 587 943 239 699 
4479 497 63 1147 592 
4480 583 425 963 965 
4481 177 176 976 190 
4482 820 970 1031 514 
4483 487 612 812 326 
4484 769 196 207 768 
4485 943 968 1142 699 
4486 27 53 722 642 
4487 887 910 122 1041 
4488 277 558 264 852 
4489 1120 616 395 1149 
4490 1094 564 657 335 
4491 994 469 581 895 
4492 743 87 89 370 
4493 294 922 365 329 
4494 441 432 667 733 
4495 132 215 793 798 
4496 496 721 49 497 
4497 636 193 1049 888 
4498 167 1057 168 147 
4499 640 441 261 736 
4500 568 622 586 734 
4501 938 344 345 343 
4502 595 246 557 1035 
4503 701 600 841 238 
4504 1016 71 60 1143 
4505 576 630 83 1077 
4506 697 757 1127 666 
4507 919 986 771 271 
4508 564 856 862 1094 
4509 942 1026 580 1096 
4510 872 883 480 871 
4511 808 802 405 799 
4512 397 1137 1065 422 
4513 929 927 106 939 
4514 115 98 116 752 
4515 520 1068 625 592 
4516 12 11 30 498 
4517 728 611 995 1069 
4518 242 561 877 575 
4519 981 534 587 239 
4520 877 905 881 242 
4521 426 651 798 1022 
4522 642 722 28 433 
4523 207 542 196 769 
4524 979 1021 730 354 
4525 12 30 499 1004 
4526 870 478 868 869 
4527 53 27 8 642 
4528 1091 931 351 350 
4529 136 789 160 790 
4530 393 807 1139 1105 
4531 896 887 123 880 
4532 359 729 356 360 
4533 1142 968 890 333 
4534 1005 26 59 702 
4535 923 1061 1103 366 
4536 809 802 680 405 
4537 402 811 456 573 
4538 569 256 190 975 
4539 9 10 28 44 
4540 1022 371 609 373 
4541 912 235 1095 919 
4542 863 885 211 884 
4543 1097 436 434 386 
4544 1006 949 349 1008 
4545 1123 363 728 1069 
4546 558 383 850 559 
4547 814 70 72 553 
4548 708 478 870 479 
4549 968 1142 699 333 
4550 794 135 215 793 
4551 209 206 858 873 
4552 531 301 1038 369 
4553 840 641 428 594 
4554 706 882 985 956 
4555 660 1025 904 872 
4556 567 48 1015 638 
4557 1076 696 807 454 
4558 910 121 571 705 
4559 651 426 609 1022 
4560 929 1091 253 350 
4561 966 391 412 425 
4562 712 47 25 1133 
4563 40 24 713 492 
4564 834 836 678 419 
4565 1068 625 442 520 
4566 17 16 54 34 
4567 666 598 988 416 
4568 536 378 181 983 
4569 24 1 3 676 
4570 1120 397 616 1137 
4571 30 12 31 1004 
4572 344 978 567 342 
4573 406 278 584 947 
4574 611 995 1069 721 
4575 1143 114 71 449 
4576 989 80 86 963 
4577 775 774 773 304 
4578 472 749 640 630 
4579 958 923 1020 560 
4580 15 16 33 491 
4581 535 890 1142 873 
4582 251 307 762 533 
4583 183 768 767 766 
4584 435 701 427 844 
4585 625 1000 1001 1068 
4586 426 132 1047 798 
4587 136 789 790 792 
4588 159 833 530 692 
4589 40 43 24 676 
4590 595 375 864 1035 
4591 55 31 12 1004 
4592 213 237 912 1135 
4593 776 414 803 413 
4594 690 114 120 909 
4595 863 858 209 218 
4596 899 590 516 898 
4597 393 454 807 620 
4598 117 115 751 550 
4599 1065 1137 703 422 
4600 1003 54 624 464 
4601 302 291 969 260 
4602 384 302 969 333 
4603 824 322 212 1081 
4604 980 157 156 155 
4605 931 351 350 352 
4606 425 964 654 705 
4607 973 338 388 284 
4608 1032 267 453 1118 
4609 716 490 32 1121 
4610 647 473 615 783 
4611 915 959 293 914 
4612 1096 1026 101 747 
4613 822 223 925 804 
4614 706 198 882 956 
4615 224 952 225 531 
4616 580 113 635 942 
4617 741 742 743 485 
4618 753 118 117 251 
4619 184 183 196 767 
4620 704 436 1024 525 
4621 443 281 950 1080 
4622 986 832 1106 540 
4623 414 803 830 776 
4624 241 426 1047 1136 
4625 524 954 314 903 
4626 942 941 512 1127 
4627 788 790 1043 440 
4628 654 391 964 425 
4629 662 219 907 228 
4630 267 233 987 821 
4631 1114 46 582 501 
4632 1082 224 952 822 
4633 899 452 234 946 
4634 718 17 35 663 
4635 939 1044 104 1110 
4636 787 799 457 791 
4637 649 510 599 846 
4638 1125 954 332 1076 
4639 140 473 407 1037 
4640 873 210 890 884 
4641 1139 608 1076 454 
4642 1142 535 699 333 
4643 1045 802 791 401 
4644 431 124 126 865 
4645 453 607 379 1032 
4646 940 970 820 514 
4647 968 969 890 333 
4648 202 191 906 190 
4649 661 712 703 621 
4650 928 241 1047 1136 
4651 108 829 326 486 
4652 504 503 686 1071 
4653 825 941 827 340 
4654 1140 57 63 496 
4655 869 479 477 653 
4656 644 1007 617 720 
4657 296 297 298 1126 
4658 789 407 138 160 
4659 404 679 482 854 
4660 562 453 1118 946 
4661 326 829 1046 486 
4662 380 644 1007 617 
4663 883 318 316 903 
4664 430 346 633 901 
4665 102 1110 747 735 
4666 1062 776 773 539 
4667 517 886 899 1042 
4668 440 788 160 668 
4669 692 475 833 648 
4670 908 906 202 907 
4671 93 92 83 740 
4672 1062 1135 341 770 
4673 1114 1064 36 501 
4674 863 855 858 218 
4675 1058 746 97 993 
4676 491 16 33 1003 
4677 215 794 793 798 
4678 917 330 292 548 
4679 127 431 866 865 
4680 457 369 787 437 
4681 987 229 233 232 
4682 72 818 552 343 
4683 491 1003 962 629 
4684 1136 609 1022 930 
4685 221 197 214 796 
4686 478 870 479 869 
4687 774 773 304 377 
4688 1021 357 556 353 
4689 266 916 548 613 
4690 19 36 18 501 
4691 288 1008 1099 549 
4692 1141 127 133 866 
4693 1130 959 670 1004 
4694 542 341 237 1135 
4695 904 587 418 889 
4696 362 732 1068 520 
4697 1078 234 662 228 
4698 666 1127 697 416 
4699 724 499 30 1004 
4700 121 963 910 909 
4701 589 489 66 948 
4702 889 904 587 943 
4703 331 427 428 1054 
4704 263 346 270 875 
4705 234 562 1078 946 
4706 1106 463 645 273 
4707 796 221 526 1125 
4708 791 461 623 401 
4709 965 963 583 691 
4710 758 84 552 574 
4711 542 1135 769 770 
4712 256 975 974 897 
4713 10 9 28 638 
4714 1064 966 429 412 
4715 509 851 270 430 
4716 902 1095 315 593 
4717 524 954 955 1120 
4718 344 938 423 1117 
4719 1064 966 412 965 
4720 1124 1066 1098 403 
4721 899 886 590 898 
4722 629 1003 922 464 
4723 435 843 844 845 
4724 380 381 349 1006 
4725 540 986 420 299 
4726 54 17 718 663 
4727 181 183 182 766 
4728 590 517 656 886 
4729 398 671 503 1130 
4730 355 1021 556 353 
4731 932 371 357 352 
4732 812 825 811 612 
4733 267 232 562 1118 
4734 191 219 881 242 
4735 586 979 351 1091 
4736 1010 321 1099 458 
4737 262 244 263 876 
4738 156 882 158 980 
4739 37 21 38 714 
4740 954 313 332 395 
4741 38 51 37 723 
4742 390 611 363 1069 
4743 695 504 44 1012 
4744 302 996 1014 495 
4745 306 659 1034 694 
4746 397 524 318 955 
4747 889 587 418 336 
4748 1143 60 990 449 
4749 909 120 690 896 
4750 905 1067 977 178 
4751 762 307 251 287 
4752 321 287 1099 549 
4753 555 387 1066 628 
4754 135 132 215 793 
4755 866 880 127 865 
4756 904 534 587 981 
4757 64 625 1000 1001 
4758 659 430 633 901 
4759 91 750 577 551 
4760 746 993 988 598 
4761 1099 1008 288 1018 
4762 895 994 469 898 
4763 220 605 186 857 
4764 1005 1017 722 634 
4765 569 588 256 974 
4766 309 268 820 514 
4767 279 456 476 1122 
4768 1046 487 326 486 
4769 816 960 68 948 
4770 905 1067 178 575 
4771 1104 466 521 613 
4772 732 1019 362 1068 
4773 481 484 200 1025 
4774 680 809 456 402 
4775 695 410 578 1013 
4776 494 56 7 1145 
4777 714 963 965 691 
4778 1007 1099 549 458 
4779 65 66 58 997 
4780 504 325 503 1071 
4781 234 516 452 899 
4782 346 263 561 875 
4783 980 900 155 985 
4784 1014 725 1145 495 
4785 423 1017 722 1117 
4786 324 584 462 761 
4787 384 969 996 968 
4788 549 1099 321 458 
4789 890 535 260 210 
4790 639 1086 286 623 
4791 582 965 1114 501 
4792 636 1049 1048 888 
4793 603 804 537 541 
4794 251 753 762 1018 
4795 1075 796 526 1125 
4796 340 825 612 573 
4797 825 340 487 635 
4798 717 40 43 990 
4799 808 1122 476 809 
4800 298 827 340 573 
4801 443 950 375 1035 
4802 429 718 1064 663 
4803 124 122 125 1041 
4804 497 1069 390 592 
4805 554 967 1151 957 
4806 812 1046 825 487 
4807 362 361 360 732 
4808 409 590 469 898 
4809 959 716 55 1004 
4810 1046 812 829 326 
4811 545 863 209 218 
4812 255 958 226 560 
4813 491 54 16 1003 
4814 261 95 93 738 
4815 721 1147 1069 497 
4816 813 288 1008 1018 
4817 998 934 999 459 
4818 975 569 974 908 
4819 957 556 554 591 
4820 1134 990 43 449 
4821 961 947 279 1122 
4822 102 112 568 1110 
4823 188 564 245 856 
4824 1099 1007 1010 458 
4825 1056 871 317 902 
4826 882 156 198 706 
4827 730 727 358 389 
4828 881 219 243 242 
4829 311 895 886 879 
4830 1114 19 46 501 
4831 416 598 993 295 
4832 359 729 358 356 
4833 1019 640 441 442 
4834 733 441 1019 736 
4835 997 66 960 948 
4836 804 774 822 541 
4837 821 233 1150 940 
4838 154 706 156 985 
4839 902 315 317 593 
4840 897 176 976 1141 
4841 30 11 12 499 
4842 1143 1016 71 989 
4843 395 332 954 1076 
4844 435 844 312 509 
4845 943 904 587 981 
4846 972 451 971 467 
4847 641 882 838 158 
4848 285 398 503 1130 
4849 1031 387 820 514 
4850 872 904 418 889 
4851 97 90 89 746 
4852 950 280 977 281 
4853 366 391 1103 604 
4854 1001 999 64 709 
4855 1056 1095 902 593 
4856 647 673 407 786 
4857 114 86 120 909 
4858 105 927 829 1044 
4859 31 12 13 55 
4860 934 76 77 459 
4861 1099 1008 1007 549 
4862 610 688 949 345 
4863 873 858 209 863 
4864 697 757 942 1127 
4865 581 174 627 994 
4866 975 176 976 897 
4867 367 966 1103 391 
4868 986 540 271 299 
4869 687 971 338 388 
4870 398 293 439 959 
4871 594 198 447 935 
4872 581 994 895 1102 
4873 102 101 100 747 
4874 830 1106 832 463 
4875 326 612 812 327 
4876 77 471 934 459 
4877 645 273 341 1062 
4878 486 103 105 1044 
4879 297 298 941 340 
4880 1137 955 397 1065 
4881 1086 286 129 639 
4882 1117 1015 433 567 
4883 333 302 969 260 
4884 429 1061 718 624 
4885 528 900 155 159 
4886 426 130 241 1047 
4887 628 388 970 632 
4888 773 446 304 377 
4889 711 601 41 589 
4890 358 729 730 356 
4891 982 534 904 981 
4892 966 1061 718 429 
4893 800 1097 794 474 
4894 443 633 281 1080 
4895 433 344 1117 567 
4896 1022 651 798 1024 
4897 940 821 268 820 
4898 47 6 25 1133 
4899 802 400 680 405 
4900 485 370 741 513 
4901 588 973 974 908 
4902 690 120 123 896 
4903 1010 394 321 458 
4904 468 726 713 591 
4905 462 532 167 760 
4906 657 277 564 1094 
4907 1066 387 1031 628 
4908 337 1150 908 229 
4909 590 516 517 899 
4910 1005 53 7 702 
4911 206 209 208 873 
4912 209 210 208 873 
4913 693 379 801 546 
4914 171 911 1060 179 
4915 469 311 328 895 
4916 792 135 794 793 
4917 806 1031 387 309 
4918 128 127 1141 880 
4919 799 802 405 457 
4920 606 609 241 930 
4921 961 529 1112 808 
4922 44 28 9 507 
4923 897 176 128 619 
4924 85 84 82 744 
4925 866 280 977 950 
4926 386 806 387 309 
4927 306 339 847 283 
4928 512 941 297 416 
4929 409 516 590 898 
4930 1099 287 762 1018 
4931 198 706 448 956 
4932 991 227 689 266 
4933 194 193 1049 636 
4934 950 866 280 375 
4935 964 1103 966 391 
4936 186 126 861 605 
4937 475 444 831 463 
4938 447 198 448 956 
4939 13 12 31 58 
4940 990 39 60 1016 
4941 389 726 727 438 
4942 428 600 841 427 
4943 68 73 70 816 
4944 974 973 588 467 
4945 39 22 60 1016 
4946 1128 977 178 281 
4947 514 388 970 628 
4948 412 429 1064 501 
4949 953 314 954 903 
4950 1003 624 1061 464 
4951 38 21 51 505 
4952 806 387 525 386 
4953 1067 561 596 575 
4954 970 971 687 388 
4955 64 1000 999 1001 
4956 949 349 381 1006 
4957 984 896 690 417 
4958 458 42 617 1009 
4959 771 235 912 919 
4960 304 446 773 539 
4961 453 1032 1118 946 
4962 1084 180 172 179 
4963 624 718 54 1003 
4964 302 1014 410 495 
4965 1136 241 609 930 
4966 499 55 12 1004 
4967 928 241 1136 930 
4968 746 89 97 598 
4969 682 847 339 283 
4970 309 806 1031 820 
4971 202 569 908 229 
4972 106 107 105 927 
4973 7 26 1005 702 
4974 128 133 176 1141 
4975 966 718 1064 429 
4976 910 121 122 571 
4977 973 974 972 467 
4978 103 104 105 1044 
4979 410 578 1085 291 
4980 931 1091 929 350 
4981 805 806 309 820 
4982 774 772 773 377 
4983 822 224 223 231 
4984 911 192 179 484 
4985 988 1127 757 666 
4986 174 152 150 937 
4987 609 651 1022 373 
4988 912 235 237 213 
4989 962 1003 922 629 
4990 18 1064 663 501 
4991 351 253 586 1091 
4992 714 80 989 963 
4993 388 687 970 632 
4994 414 776 305 413 
4995 279 529 216 961 
4996 995 37 51 723 
4997 25 42 720 683 
4998 242 905 191 575 
4999 239 981 534 205 
5000 416 993 297 295 
5001 127 1141 880 866 
5002 590 656 311 886 
5003 1033 557 306 265 
5004 1024 651 436 704 
5005 596 1128 178 281 
5006 395 616 685 1149 
5007 120 122 123 887 
5008 165 162 600 839 
5009 583 121 963 705 
5010 278 279 216 961 
5011 897 984 974 618 
5012 156 882 980 985 
5013 357 372 371 932 
5014 768 196 207 183 
5015 1008 949 349 813 
5016 313 222 953 221 
5017 243 517 662 1042 
5018 370 743 87 485 
5019 905 177 191 575 
5020 8 9 28 507 
5021 1024 1023 373 704 
5022 696 1075 807 230 
5023 582 425 583 965 
5024 878 259 244 243 
5025 423 610 1017 345 
5026 464 365 922 329 
5027 557 659 443 1080 
5028 943 587 445 699 
5029 296 324 99 924 
5030 159 475 833 692 
5031 177 905 976 178 
5032 718 35 1064 663 
5033 963 80 86 583 
5034 1024 436 1097 806 
5035 457 802 405 401 
5036 1120 955 397 1137 
5037 478 911 179 484 
5038 86 989 963 909 
5039 765 602 620 230 
5040 571 240 1083 654 
5041 670 398 439 959 
5042 807 1075 696 1076 
5043 463 1106 540 273 
5044 261 93 630 738 
5045 229 1150 987 233 
5046 155 153 900 528 
5047 953 1095 912 214 
5048 81 82 742 485 
5049 359 729 727 358 
5050 712 661 725 996 
5051 428 600 641 840 
5052 922 1061 365 464 
5053 731 730 729 356 
5054 476 529 808 652 
5055 280 977 133 866 
5056 1066 3 1 628 
5057 435 511 701 843 
5058 684 1011 4 1009 
5059 390 611 1069 497 
5060 206 209 858 218 
5061 970 1066 1031 628 
5062 890 535 333 260 
5063 209 211 863 545 
5064 1105 1010 321 1099 
5065 621 646 384 1116 
5066 714 21 52 483 
5067 337 1150 229 233 
5068 634 1017 722 423 
5069 482 201 636 888 
5070 658 999 64 459 
5071 955 524 318 903 
5072 483 80 714 691 
5073 542 213 196 769 
5074 451 338 971 467 
5075 1137 1065 703 712 
5076 837 173 455 836 
5077 305 776 414 539 
5078 330 962 629 508 
5079 648 475 832 463 
5080 418 660 904 872 
5081 972 1134 449 450 
5082 123 122 124 887 
5083 86 114 71 989 
5084 228 1078 234 232 
5085 954 313 953 1125 
5086 803 444 672 413 
5087 935 882 198 956 
5088 972 1134 451 449 
5089 1095 953 222 527 
5090 64 625 1001 592 
5091 561 596 346 1067 
5092 965 583 582 691 
5093 463 444 830 414 
5094 1017 938 423 345 
5095 308 379 805 1032 
5096 443 595 557 1035 
5097 727 730 957 389 
5098 699 646 968 333 
5099 530 161 455 835 
5100 1091 586 979 734 
5101 914 1130 285 1030 
5102 500 677 611 995 
5103 955 616 524 1120 
5104 837 868 173 836 
5105 235 237 771 912 
5106 1118 1032 267 821 
5107 534 660 200 904 
5108 690 913 984 450 
5109 178 1067 596 575 
5110 641 838 162 158 
5111 1124 1023 374 403 
5112 384 996 661 621 
5113 923 922 1061 365 
5114 344 423 938 345 
5115 629 962 45 508 
5116 730 1021 957 355 
5117 444 803 414 413 
5118 968 384 646 1116 
5119 171 868 179 478 
5120 995 51 677 723 
5121 730 355 356 354 
5122 1010 1011 488 1009 
5123 235 912 214 213 
5124 39 50 23 707 
5125 957 554 967 591 
5126 666 254 757 513 
5127 790 160 136 440 
5128 741 92 485 513 
5129 1009 25 42 720 
5130 340 941 297 512 
5131 479 477 478 869 
5132 313 954 524 395 
5133 1048 599 194 636 
5134 176 133 976 1141 
5135 373 372 1023 932 
5136 809 456 476 680 
5137 928 579 111 241 
5138 26 6 494 1133 
5139 417 897 128 619 
5140 651 1097 798 1024 
5141 832 648 463 540 
5142 278 406 279 947 
5143 963 86 121 583 
5144 341 645 1062 539 
5145 565 261 441 736 
5146 757 697 254 666 
5147 373 1023 1022 932 
5148 829 1046 486 1044 
5149 634 722 53 642 
5150 896 984 897 417 
5151 635 697 580 942 
5152 967 403 674 554 
5153 491 1003 629 464 
5154 945 898 409 1111 
5155 1150 973 337 908 
5156 380 644 1006 1007 
5157 374 373 1023 704 
5158 568 104 102 1110 
5159 616 2 1137 493 
5160 214 953 221 796 
5161 214 953 222 221 
5162 420 834 678 419 
5163 466 1104 689 613 
5164 1135 912 213 769 
5165 664 490 55 716 
5166 1066 1 555 628 
5167 905 977 976 178 
5168 524 314 318 903 
5169 479 480 317 871 
5170 660 418 481 872 
5171 60 23 39 990 
5172 716 31 55 1004 
5173 426 132 130 1047 
5174 244 561 877 242 
5175 1150 987 233 821 
5176 511 435 510 843 
5177 660 587 418 904 
5178 220 595 605 857 
5179 121 120 86 909 
5180 480 883 319 316 
5181 798 1047 426 1136 
5182 23 60 43 990 
5183 461 791 457 401 
5184 836 455 678 419 
5185 541 377 774 289 
5186 922 629 464 329 
5187 507 643 695 715 
5188 314 953 902 903 
5189 882 838 158 980 
5190 720 59 644 1005 
5191 452 322 453 946 
5192 23 50 39 713 
5193 133 977 976 1141 
5194 18 35 17 663 
5195 384 996 621 1116 
5196 71 60 1143 449 
5197 635 512 697 942 
5198 988 598 666 370 
5199 938 1017 423 1117 
5200 349 288 380 1008 
5201 3 1066 970 628 
5202 517 516 234 899 
5203 441 362 1019 442 
5204 403 674 1098 967 
5205 418 889 336 319 
5206 637 799 405 457 
5207 1097 651 436 1024 
5208 26 7 6 702 
5209 973 338 588 467 
5210 1023 1024 374 704 
5211 1137 397 493 422 
5212 136 135 137 792 
5213 469 328 581 895 
5214 663 1064 429 501 
5215 391 367 966 412 
5216 858 482 206 218 
5217 1007 1006 380 1008 
5218 177 905 178 575 
5219 218 665 855 559 
5220 1133 494 1145 725 
5221 351 979 931 1091 
5222 624 1061 718 1003 
5223 39 38 22 1016 
5224 674 713 50 492 
5225 322 824 453 946 
5226 898 409 516 945 
5227 59 26 6 702 
5228 727 358 389 438 
5229 623 461 1043 440 
5230 1076 954 395 1149 
5231 709 64 1001 592 
5232 682 599 510 846 
5233 409 323 516 945 
5234 727 726 723 438 
5235 487 1046 113 486 
5236 1005 1006 1017 634 
5237 455 164 173 837 
5238 237 771 273 271 
5239 332 696 1075 1076 
5240 471 64 625 1000 
5241 33 491 1003 1121 
5242 1141 897 128 880 
5243 703 1137 493 422 
5244 402 612 811 573 
5245 314 902 316 903 
5246 1025 200 660 904 
5247 414 830 463 645 
5248 233 267 268 821 
5249 696 807 620 230 
5250 695 578 504 1013 
5251 378 768 207 183 
5252 309 376 805 308 
5253 165 172 171 1060 
5254 399 1045 623 401 
5255 912 237 771 1135 
5256 709 999 64 658 
5257 1097 800 434 474 
5258 431 127 124 865 
5259 506 359 728 727 
5260 316 315 317 902 
5261 899 516 452 945 
5262 128 127 133 1141 
5263 338 971 687 451 
5264 24 23 43 40 
5265 844 427 435 312 
5266 1151 556 957 1021 
5267 471 625 675 1000 
5268 134 132 135 793 
5269 302 969 996 384 
5270 43 451 717 1134 
5271 535 239 1142 699 
5272 379 805 376 308 
5273 996 661 725 495 
5274 98 97 99 1058 
5275 1016 52 71 989 
5276 659 633 443 1080 
5277 425 582 412 965 
5278 123 690 896 417 
5279 403 1023 372 967 
5280 562 234 452 946 
5281 945 322 452 946 
5282 949 381 1017 1006 
5283 1097 215 651 798 
5284 453 824 607 1032 
5285 1139 1011 608 394 
5286 26 6 7 494 
5287 696 1076 608 454 
5288 340 612 825 487 
5289 608 1139 394 454 
5290 516 899 898 945 
5291 713 50 468 591 
5292 337 338 973 284 
5293 713 1098 40 492 
5294 864 605 375 595 
5295 1015 722 1117 433 
5296 528 444 831 475 
5297 546 434 800 474 
5298 644 1006 1007 720 
5299 173 171 868 837 
5300 1137 397 616 493 
5301 712 703 47 661 
5302 1117 722 423 433 
5303 595 443 375 1035 
5304 955 318 1053 903 
5305 452 899 945 946 
5306 26 25 6 1133 
5307 314 316 318 903 
5308 52 80 71 989 
5309 636 1048 599 404 
5310 369 799 637 457 
5311 966 1103 1061 367 
5312 458 1010 488 1009 
5313 505 723 726 438 
5314 127 128 123 880 
5315 1061 922 1003 464 
5316 323 322 452 945 
5317 872 418 481 480 
5318 1017 610 381 949 
5319 718 34 54 1003 
5320 641 882 158 198 
5321 1128 596 633 281 
5322 435 339 845 509 
5323 451 971 687 717 
5324 339 510 435 845 
5325 215 132 426 798 
5326 624 365 1061 464 
5327 494 6 47 1133 
5328 42 59 720 683 
5329 43 451 1134 449 
5330 642 28 9 433 
5331 212 607 322 824 
5332 610 349 381 949 
5333 725 1014 996 495 
5334 600 841 427 701 
5335 42 5 25 1009 
5336 644 42 59 720 
5337 713 24 50 492 
5338 957 967 713 591 
5339 834 1072 836 419 
5340 397 616 524 955 
5341 555 525 1124 387 
5342 177 976 133 178 
5343 158 882 156 198 
5344 824 322 945 946 
5345 55 499 670 1004 
5346 505 51 38 723 
5347 80 86 71 989 
5348 838 162 158 161 
5349 802 400 405 401 
5350 215 794 1097 474 
5351 138 136 789 160 
5352 9 8 28 642 
5353 176 976 133 177 
5354 984 913 1134 450 
5355 1060 172 171 179 
5356 642 634 722 423 
5357 707 38 39 726 
5358 215 651 436 1097 
5359 22 38 39 707 
5360 968 646 384 333 
5361 976 977 133 178 
5362 38 52 22 1016 
5363 332 696 526 1075 
5364 214 912 953 796 
5365 280 133 127 866 
5366 52 60 22 1016 
5367 605 431 864 375 
5368 643 410 1014 495 
5369 197 221 526 796 
5370 47 493 703 712 
5371 1124 525 1024 806 
5372 449 1134 913 450 
5373 3 1 24 492 
5374 38 21 52 714 
5375 608 1076 1011 1139 
5376 429 966 367 412 
5377 392 349 610 949 
5378 790 136 134 440 
5379 987 908 1150 229 
5380 1149 1076 1011 608 
5381 1005 644 1006 634 
5382 955 397 616 1120 
5383 696 807 454 620 
5384 171 173 164 837 
5385 913 690 114 450 
5386 426 241 609 1136 
5387 644 42 720 617 
5388 556 957 389 591 
5389 644 1006 720 1005 
5390 1032 308 267 821 
5391 954 524 955 903 
5392 1023 372 374 403 
5393 674 713 1098 967 
5394 623 1043 286 440 
5395 467 618 984 450 
5396 974 588 618 467 
5397 322 824 945 1081 
5398 506 359 727 358 
5399 467 984 972 450 
5400 805 308 1032 821 
5401 355 358 730 356 
5402 794 215 135 474 
5403 974 588 256 618 
5404 5 42 684 1009 
5405 725 661 494 495 
5406 1098 1023 1124 403 
5407 395 1076 1149 608 
5408 663 429 718 624 
5409 727 957 726 389 
5410 1061 367 365 624 
5411 525 1024 374 1124 
5412 492 674 1098 403 
5413 1003 491 54 464 
5414 1022 1024 1023 373 
5415 363 359 728 506 
5416 953 221 796 1125 
5417 42 25 5 683 
5418 996 384 968 1116 
5419 332 696 1076 608 
5420 957 713 726 591 
5421 280 178 977 281 
5422 477 173 836 419 
5423 703 493 1137 712 
5424 1098 713 674 492 
5425 1032 453 824 946 
5426 308 453 379 1032 
5427 610 688 392 949 
5428 727 729 730 358 
5429 1023 372 967 932 
5430 495 996 661 384 
5431 1134 972 984 450 
5432 1098 1023 403 967 
5433 434 800 376 546 
5434 381 1017 1006 634 
5435 308 267 453 1032 
5436 663 718 54 624 
5437 434 215 1097 474 
5438 449 913 114 450 
5439 495 302 996 384 
5440 984 690 450 417 
5441 1076 395 332 608 
5442 902 883 316 903 
5443 280 950 375 281 
5444 323 452 516 945 
5445 385 1072 299 419 
5446 23 22 60 39 
5447 728 995 677 723 
5448 374 555 525 1124 
5449 1149 685 395 608 
5450 727 723 506 438 
5451 431 280 127 866 
5452 687 676 451 717 
5453 723 505 506 438 
5454 52 80 714 483 
5455 588 337 338 973 
5456 1011 685 1149 608 
5457 1016 38 52 714 
5458 381 610 1017 423 
5459 50 713 674 591 
5460 607 322 824 453 
5461 696 526 1075 230 
5462 178 977 133 280 
5463 453 562 452 946 
5464 52 71 60 1016 
5465 449 451 972 450 
5466 587 660 534 904 
5467 468 505 726 438 
5468 950 375 281 443 
5469 1015 433 567 638 
5470 59 644 1005 702 
5471 25 5 6 47 
5472 308 268 267 821 
5473 23 22 39 707 
5474 363 728 677 506 
5475 1011 684 488 1009 
5476 451 717 1134 972 
5477 505 506 51 723 
5478 426 651 215 798 
5479 38 707 505 726 
5480 423 344 1117 433 
5481 42 488 1009 458 
5482 717 451 971 972 
5483 22 21 52 38 
5484 794 215 1097 798 
5485 467 972 451 450 
5486 836 173 455 419 
5487 394 1010 488 458 
5488 25 6 5 683 
5489 634 381 1017 423 
5490 60 43 990 449 
5491 1023 372 373 374 
5492 677 51 506 723 
5493 488 608 1011 394 
5494 436 215 1097 434 
5495 634 1005 644 702 
5496 723 38 505 726 
5497 358 727 506 438 
5498 506 728 677 723 
5499 22 38 707 505 
5500 722 642 423 433 
5501 42 488 684 1009 
5502 608 1011 685 488 
5503 450 618 984 417 
5504 38 22 21 505 
5505 451 676 43 717 
5506 868 171 173 478 
5507 1024 1023 374 1124 
5508 644 381 1006 634 
5509 707 468 505 726 
5510 684 685 1011 488 
5511 53 1005 634 702 
5512 506 728 723 727 
5513 380 644 381 1006 
5514 1070 169 1107 1074 
5515 1070 1107 169 189 
5516 203 169 1107 189 
5517 826 169 1070 1074 
5518 826 1070 169 170 
5519 144 920 148 784 
5520 148 920 144 515 
5521 194 1084 572 1063 
5522 194 572 1084 180 
5523 1034 509 430 851 
5524 430 509 1034 694 
5525 185 1041 240 874 
5526 185 240 1041 125 
5527 1129 185 860 187 
5528 860 185 1129 874 
5529 547 1115 1085 291 
5530 547 1085 1115 891 
5531 580 757 942 697 
5532 942 757 580 1026 
5533 331 1055 594 543 
5534 331 594 1055 1054 
5535 1110 253 104 939 
5536 1110 104 253 568 
5537 777 290 305 411 
5538 777 305 290 775 
5539 1033 283 849 265 
5540 849 283 1033 847 
5541 715 8 28 507 
5542 715 28 8 27 
5543 283 849 848 847 
5544 848 849 283 282 
5545 143 1088 1144 951 
5546 1144 1088 143 141 
5547 1041 126 185 125 
5548 1041 185 126 861 
5549 96 747 737 100 
5550 737 747 96 1026 
5551 749 442 1000 675 
5552 749 1000 442 1019 
5553 1036 166 823 797 
5554 823 166 1036 139 
5555 947 761 406 1093 
5556 947 406 761 584 
5557 626 406 761 1093 
5558 626 761 406 584 
5559 983 170 1070 826 
5560 983 1070 170 536 
5561 848 283 682 364 
5562 848 682 283 847 
5563 1074 168 167 1057 
5564 1074 167 168 169 
5565 424 758 818 552 
5566 424 818 758 921 
5567 919 385 299 272 
5568 299 385 919 1072 
5569 900 1109 528 153 
5570 900 528 1109 1079 
5571 236 528 1109 153 
5572 236 1109 528 1079 
5573 117 1018 251 252 
5574 251 1018 117 753 
5575 763 533 544 755 
5576 544 533 763 396 
5577 544 763 602 396 
5578 544 602 763 764 
5579 1047 111 241 928 
5580 1047 241 111 130 
5581 594 1055 447 543 
5582 447 1055 594 935 
5583 129 926 111 1131 
5584 111 926 129 109 
5585 759 99 324 924 
5586 759 324 99 563 
5587 90 745 577 88 
5588 90 577 745 748 
5589 350 930 579 929 
5590 350 579 930 606 
5591 431 861 605 864 
5592 605 861 431 126 
5593 936 236 1109 151 
5594 936 1109 236 1079 
5595 218 854 482 679 
5596 218 482 854 858 
5597 1081 212 143 257 
5598 1081 143 212 1144 
5599 834 299 419 420 
5600 419 299 834 1072 
5601 711 61 33 41 
5602 711 33 61 1073 
5603 1055 447 310 1100 
5604 1055 310 447 543 
5605 823 212 141 1144 
5606 141 212 823 585 
5607 639 926 129 1086 
5608 639 129 926 109 
5609 599 848 404 1048 
5610 404 848 599 364 
5611 739 254 513 757 
5612 739 513 254 94 
5613 863 249 211 885 
5614 211 249 863 545 
5615 295 1126 924 993 
5616 295 924 1126 296 
5617 118 752 117 116 
5618 117 752 118 753 
5619 1029 465 334 1119 
5620 334 465 1029 470 
5621 240 1041 571 1083 
5622 240 571 1041 125 
5623 680 810 802 809 
5624 680 802 810 400 
5625 200 1113 484 192 
5626 484 1113 200 1025 
5627 1038 637 952 531 
5628 952 637 1038 799 
5629 746 370 598 988 
5630 598 370 746 89 
5631 819 948 76 998 
5632 819 76 948 489 
5633 460 76 948 998 
5634 460 948 76 489 
5635 985 153 152 1109 
5636 985 152 153 154 
5637 637 952 652 799 
5638 637 652 952 225 
5639 808 652 952 799 
5640 648 833 834 832 
5641 648 834 833 692 
5642 902 222 1095 953 
5643 1095 222 902 315 
5644 925 217 216 204 
5645 216 217 925 1112 
5646 416 941 993 1127 
5647 416 993 941 297 
5648 284 1150 973 337 
5649 284 973 1150 940 
5650 1116 422 703 621 
5651 1116 703 422 1065 
5652 642 27 28 722 
5653 642 28 27 8 
5654 398 914 959 1130 
5655 959 914 398 293 
5656 988 416 993 1127 
5657 993 416 988 598 
5658 329 918 917 292 
5659 329 917 918 922 
5660 917 962 629 330 
5661 629 962 917 922 
5662 629 329 917 330 
5663 917 329 629 922 
5664 1075 184 796 767 
5665 1075 796 184 526 
5666 173 869 478 477 
5667 478 869 173 868 
5668 1114 20 483 46 
5669 1114 483 20 37 
5670 28 638 433 1015 
5671 433 638 28 9 
5672 1009 617 720 42 
5673 1009 720 617 1007 
5674 323 1111 1081 945 
5675 1081 1111 323 408 
5676 1114 483 691 46 
5677 1114 691 483 714 
5678 52 989 714 80 
5679 714 989 52 1016 
5680 751 1018 550 813 
5681 348 550 1018 813 
5682 348 1018 550 252 
5683 386 800 1097 806 
5684 386 1097 800 434 
5685 375 866 431 864 
5686 375 431 866 280 
5687 683 26 25 6 
5688 683 25 26 720 
5689 501 965 412 582 
5690 501 412 965 1064 
5691 419 869 385 1072 
5692 419 385 869 477 
5693 24 713 23 40 
5694 23 713 24 50 
5695 425 966 965 412 
5696 425 965 966 964 
5697 984 467 974 618 
5698 974 467 984 972 
5699 1145 495 494 56 
5700 494 495 1145 725 
5701 1128 178 1067 596 
5702 1067 178 1128 977 
5703 1081 323 322 257 
5704 1081 322 323 945 
5705 1114 582 691 965 
5706 1114 691 582 46 
5707 2 1137 5 4 
5708 5 1137 2 493 
5709 1066 387 1124 1031 
5710 1066 1124 387 555 
5711 2 1120 684 616 
5712 684 1120 2 4 
5713 47 5 712 25 
5714 47 712 5 493 
5715 1137 712 5 25 
5716 1137 5 712 493 
5717 591 726 389 468 
5718 591 389 726 957 
5719 394 1011 1010 1139 
5720 394 1010 1011 488 
5721 1124 387 806 1031 
5722 806 387 1124 525 
5723 492 555 1066 1 
5724 1066 3 492 1 
5725 492 3 1066 1098 
5726 39 713 707 726 
5727 39 707 713 50 
5728 468 707 713 726 
5729 468 713 707 50 
5730 40 492 3 24 
5731 3 492 40 1098 
5732 169 1107 532 203 
5733 169 532 1107 1074 
5734 817 1107 532 1074 
5735 529 652 1112 808 
5736 529 1112 652 225 
5737 952 1112 652 808 
5738 952 652 1112 225 
5739 1018 550 117 751 
5740 1018 117 550 252 
5741 1149 1120 684 4 
5742 1149 1011 684 685 
5743 684 1011 1149 4 
5744 1149 616 684 1120 
5745 684 616 1149 685 
5746 1066 492 403 555 
5747 403 492 1066 1098 
5748 1107 532 278 817 
5749 1107 278 532 203 
$EndElements
